:020000040800F2
:1000000000000220DD240008552200085D220008BF
:10001000652200086D22000875220008000000001B
:100020000000000000000000000000007D22000829
:100030008B2200080000000099220008A722000877
:100040002D2500082D2500082D2500082D25000848
:100050002D2500082D250008B3220008C122000824
:100060002D2500082D2500082D2500082D25000828
:100070002D2500082D2500082D2500082D25000818
:100080002D2500082D250008D12200082D25000867
:100090002D2500082D2500082D250008E522000843
:1000A0002D2500082D2500082D2500082D250008E8
:1000B0002D2500082D2500082D2500082D250008D8
:1000C0002D2500082D2500082D2500082D250008C8
:1000D0002D2500082D2500082D2500082D250008B8
:1000E000F32200082D2500082D2500082D250008E5
:1000F0002D2500082D2500082D2500082D25000898
:100100002D2500082D2500082D2500082D25000887
:100110002D2500082D2500080523000819230008B7
:100120002D2500082D2500082D2500082D25000867
:100130002D2500082D2500082D2500082D25000857
:100140002D2500082D2500082D2500082D25000847
:100150002D2500082D2500082D2500082D25000837
:100160002D2500082D2500082D2500082D25000827
:100170002D2500082D2500082D2500080000000071
:080180002D2500082D250008C3
:1001900010B5054C237833B9044B13B10448AFF3C1
:1001A00000800123237010BD4802002000000000E1
:1001B000488D000808B5034B1BB103490348AFF352
:1001C000008008BD000000004C020020488D00089F
:1001D00001F0FF01102A2BDB10F0070F08D010F8F8
:1001E000013B013A8B422DD010F0070F42B3F6D1FC
:1001F000F0B441EA012141EA014122F007047FF015
:1002000000070023F0E80256083C85EA010586EA6B
:10021000010685FA47F5A3FA87F586FA47F6A5FAA7
:1002200087F68EB9EED1F0BC01F0FF0102F00702B3
:1002300032B110F8013B013A83EA010313B1F8D15E
:100240000020704701387047002D06BF354603383F
:10025000073815F0010F07D1013015F4807F02BF78
:10026000013015F4C03F0130F0BC0138704700BFC9
:10027000034613F8012B002AFBD1181A01387047E6
:1002800081F0004102E000BF83F0004330B54FEA47
:1002900041044FEA430594EA050F08BF90EA020FB4
:1002A0001FBF54EA000C55EA020C7FEA645C7FEA47
:1002B000655C00F0E2804FEA5454D4EB5555B8BF6A
:1002C0006D420CDD2C4480EA020281EA030382EADB
:1002D000000083EA010180EA020281EA0303362D6D
:1002E00088BF30BD11F0004F4FEA01314FF4801C40
:1002F0004CEA113102D0404261EB410113F0004F52
:100300004FEA03334CEA133302D0524263EB430308
:1003100094EA050F00F0A780A4F10104D5F1200EA6
:100320000DDB02FA0EFC22FA05F2801841F1000101
:1003300003FA0EF2801843FA05F359410EE0A5F1D5
:1003400020050EF1200E012A03FA0EFC28BF4CF006
:10035000020C43FA05F3C01851EBE37101F00045BC
:1003600007D54FF0000EDCF1000C7EEB00006EEBC9
:100370000101B1F5801F1BD3B1F5001F0CD3490853
:100380005FEA30004FEA3C0C04F101044FEA4452AA
:1003900012F5800F80F09A80BCF1004F08BF5FEA31
:1003A000500C50F1000041EB045141EA050130BD11
:1003B0005FEA4C0C404141EB0101013C28BFB1F523
:1003C000801FE9D291F0000F04BF01460020B1FA6E
:1003D00081F308BF2033A3F10B03B3F120020CDA41
:1003E0000C3208DD02F1140CC2F10C0201FA0CF01F
:1003F00021FA02F10CE002F11402D8BFC2F1200C84
:1004000001FA02F120FA0CFCDCBF41EA0C01904039
:10041000E41AA2BF01EB0451294330BD6FEA040482
:100420001F3C1CDA0C340EDC04F11404C4F120026D
:1004300020FA04F001FA02F340EA030021FA04F37F
:1004400045EA030130BDC4F10C04C4F1200220FAD6
:1004500002F001FA04F340EA0300294630BD21FA14
:1004600004F0294630BD94F0000F83F4801306BFDA
:1004700081F480110134013D4EE77FEA645C18BFCE
:100480007FEA655C29D094EA050F08BF90EA020F65
:1004900005D054EA000C04BF1946104630BD91EA5D
:1004A000030F1EBF0021002030BD5FEA545C05D160
:1004B0004000494128BF41F0004130BD14F580049F
:1004C0003CBF01F5801130BD01F0004545F0FE4113
:1004D00041F470014FF0000030BD7FEA645C1ABF48
:1004E000194610467FEA655C1CBF0B46024650EA7F
:1004F000013406BF52EA033591EA030F41F40021AB
:1005000030BD00BF90F0000F04BF0021704730B530
:100510004FF4806404F132044FF000054FF0000105
:1005200050E700BF90F0000F04BF0021704730B5C6
:100530004FF4806404F1320410F0004548BF40429B
:100540004FF000013EE700BF42004FEAE2014FEAF0
:1005500031014FEA02701FBF12F07F4393F07F4FCB
:1005600081F06051704732F07F4208BF704793F0CE
:100570007F4F04BF41F40021704730B54FF46074E1
:1005800001F0004521F000411CE700BF50EA0102E4
:1005900008BF704730B54FF000050AE050EA01028D
:1005A00008BF704730B511F0004502D5404261EBFD
:1005B00041014FF4806404F132045FEA915C3FF43E
:1005C000D8AE4FF003025FEADC0C18BF03325FEADB
:1005D000DC0C18BF033202EBDC02C2F1200300FA8C
:1005E00003FC20FA02F001FA03FE40EA0E0021FAB1
:1005F00002F11444BDE600BF70B54FF0FF0C4CF49F
:10060000E06C1CEA11541DBF1CEA135594EA0C0F50
:1006100095EA0C0F00F0DEF82C4481EA030621EA8B
:100620004C5123EA4C5350EA013518BF52EA0335C6
:1006300041F4801143F4801338D0A0FB02CE4FF078
:100640000005E1FB02E506F00042E0FB03E54FF0A8
:100650000006E1FB03569CF0000F18BF4EF0010EA0
:10066000A4F1FF04B6F5007F64F5407404D25FEA9C
:100670004E0E6D4146EB060642EAC62141EA55514F
:100680004FEAC52040EA5E504FEACE2EB4F1FD0C91
:1006900088BFBCF5E06F1ED8BEF1004F08BF5FEA0F
:1006A000500E50F1000041EB045170BD06F00046C1
:1006B00046EA010140EA020081EA0301B4EB5C046E
:1006C000C2BFD4EB0C0541EA045170BD41F4801166
:1006D0004FF0000E013C00F3AB8014F1360FDEBF8B
:1006E000002001F0004170BDC4F10004203C35DA67
:1006F0000C341BDC04F11404C4F1200500FA05F3EA
:1007000020FA04F001FA05F240EA020001F000428A
:1007100021F0004110EBD37021FA04F642EB060100
:100720005EEA430E08BF20EAD37070BDC4F10C042A
:10073000C4F1200500FA04F320FA05F001FA04F2EE
:1007400040EA020001F0004110EBD37041F10001DA
:100750005EEA430E08BF20EAD37070BDC4F12005E5
:1007600000FA05F24EEA020E20FA04F301FA05F24D
:1007700043EA020321FA04F001F0004121FA04F2F5
:1007800020EA020000EBD3705EEA430E08BF20EAC5
:10079000D37070BD94F0000F0FD101F000464000FF
:1007A00041EB010111F4801F08BF013CF7D041EA81
:1007B000060195F0000F18BF704703F00046520085
:1007C00043EB030313F4801F08BF013DF7D043EA56
:1007D0000603704794EA0C0F0CEA135518BF95EA0C
:1007E0000C0F0CD050EA410618BF52EA4306D1D193
:1007F00081EA030101F000414FF0000070BD50EAB2
:10080000410606BF1046194652EA430619D094EA3B
:100810000C0F02D150EA013613D195EA0C0F05D125
:1008200052EA03361CBF104619460AD181EA030179
:1008300001F0004141F0FE4141F470014FF0000031
:1008400070BD41F0FE4141F4780170BD70B54FF0CC
:10085000FF0C4CF4E06C1CEA11541DBF1CEA13554C
:1008600094EA0C0F95EA0C0F00F0A7F8A4EB05042E
:1008700081EA030E52EA03354FEA013100F0888025
:100880004FEA03334FF0805545EA131343EA1263EE
:100890004FEA022245EA111545EA10654FEA0026A3
:1008A0000EF000419D4208BF964244F1FD0404F55C
:1008B000407402D25B084FEA3202B61A65EB0305B8
:1008C0005B084FEA32024FF480104FF4002CB6EB75
:1008D000020E75EB030E22BFB61A754640EA0C00F5
:1008E0005B084FEA3202B6EB020E75EB030E22BF35
:1008F000B61A754640EA5C005B084FEA3202B6EB76
:10090000020E75EB030E22BFB61A754640EA9C0034
:100910005B084FEA3202B6EB020E75EB030E22BF04
:10092000B61A754640EADC0055EA060E18D04FEAC2
:10093000051545EA16754FEA06164FEAC30343EA62
:1009400052734FEAC2025FEA1C1CC0D111F4801F2F
:100950000BD141EA00014FF000004FF0004CB6E728
:1009600011F4801F04BF01430020B4F1FD0C88BFC7
:10097000BCF5E06F3FF6AFAEB5EB030C04BFB6EBD2
:10098000020C5FEA500C50F1000041EB045170BDC5
:100990000EF0004E4EEA113114EB5C04C2BFD4EBF2
:1009A0000C0541EA045170BD41F480114FF0000E76
:1009B000013C90E645EA060E8DE60CEA135594EAF2
:1009C0000C0F08BF95EA0C0F3FF43BAF94EA0C0FF5
:1009D0000AD150EA01347FF434AF95EA0C0F7FF46A
:1009E00025AF104619462CE795EA0C0F06D152EABE
:1009F00003353FF4FDAE1046194622E750EA4106A2
:100A000018BF52EA43067FF4C5AE50EA41047FF4B2
:100A10000DAF52EA43057FF4EBAE12E74FF0FF3C17
:100A200006E000BF4FF0010C02E000BF4FF0010CE8
:100A30004DF804CD4FEA410C7FEA6C5C4FEA430C61
:100A400018BF7FEA6C5C1BD001B050EA410C0CBFB0
:100A500052EA430C91EA030F02BF90EA020F002012
:100A6000704710F1000F91EA030F58BF994208BF79
:100A700090422CBFD8176FEAE37040F00100704736
:100A80004FEA410C7FEA6C5C02D150EA013C07D18D
:100A90004FEA430C7FEA6C5CD6D152EA033CD3D0D8
:100AA0005DF8040B704700BF8446104662468C46D2
:100AB0001946634600E000BF01B5FFF7B7FF002805
:100AC00048BF10F1000F01BD4DF808EDFFF7F4FF2E
:100AD0000CBF012000205DF808FB00BF4DF808EDB9
:100AE000FFF7EAFF34BF012000205DF808FB00BFDC
:100AF0004DF808EDFFF7E0FF94BF012000205DF8FE
:100B000008FB00BF4DF808EDFFF7CEFF94BF0120B2
:100B100000205DF808FB00BF4DF808EDFFF7C4FFAB
:100B200034BF012000205DF808FB00BF4FEA410CF4
:100B30007FEA6C5C02D150EA013C0AD14FEA430CD7
:100B40007FEA6C5C02D152EA033C02D14FF0000014
:100B500070474FF0010070474FEA410212F5001252
:100B600015D211D56FF47873B3EB625212D94FEAF4
:100B7000C12343F0004343EA505311F0004F23FADE
:100B800002F018BF404270474FF00000704750EA33
:100B9000013005D111F0004008BF6FF000407047F0
:100BA0004FF00000704700BF53B94AB9002908BF91
:100BB00000281CBF4FF0FF314FF0FF3000F088B924
:100BC000ADF1080C6DE904CE00F006F8DDF804E0A4
:100BD000DDE9022304B070472DE9F047089D8E46F9
:100BE00004468846002B4AD18A42174662D9B2FA97
:100BF00082F64EB1C6F1200301FA06F820FA03F39B
:100C0000B74043EA0808B4404FEA174E1FFA87FC82
:100C1000B8FBFEF1230C0EFB118843EA084301FBED
:100C20000CF29A4209D9FB1801F1FF3080F0EA80FA
:100C30009A4240F2E78002393B449A1AA3B2B2FBCF
:100C4000FEF00EFB102243EA024300FB0CFC9C4525
:100C500009D9FB1800F1FF3280F0D6809C4540F2A4
:100C6000D3803B44023840EA0140A3EB0C0300214F
:100C70001DB1F3400022C5E90032BDE8F0878B4288
:100C800005D90DB1C5E9000100210846F5E7B3FA21
:100C900083F1002946D1734502D3824200F20581D7
:100CA000841A6EEB030201209046002DE5D0C5E9C1
:100CB0000048E2E7002A00F09080B2FA82F6002EA7
:100CC00040F0A4808A1A030C4FEA174E80B2BCB2DF
:100CD0000121B2FBFEFC0EFB1C2243EA024304FB93
:100CE0000CF29A4207D9FB180CF1FF3802D29A4253
:100CF00000F2E080C4469B1AB3FBFEF20EFB1233F7
:100D000040EA034302FB04F49C4207D9FB1802F1BA
:100D1000FF3002D29C4200F2CA8002461B1B42EA0C
:100D20000C40A5E7C1F120068B4022FA06F71F43CD
:100D30000EFA01F420FA06F32EFA06FE4FEA1749DE
:100D4000234300FA01F81FFA87FCBEFBF9F01C0CE4
:100D500009FB10EE44EA0E4400FB0CFEA64502FA25
:100D600001F209D93C1900F1FF3A80F09C80A645B8
:100D700040F2998002383C44A4EB0E041FFA83FE33
:100D8000B4FBF9F309FB13444EEA044403FB0CFCE7
:100D9000A44508D93C1903F1FF3E80F08280A445A8
:100DA0007FD9023B3C4443EA0040A4EB0C04A0FB87
:100DB00002EC64457346E14662D35FD05DB1B8EBA7
:100DC000030264EB090404FA06F622FA01F31E4357
:100DD000CC40C5E9006400214FE7B1FBF2FC010CF7
:100DE00041EA0E4180B240EA01423B4638463C4669
:100DF000B846BE462026B1FBF7F1A2EB080241EA55
:100E00000C4166E7014618E710462CE7C6F12002C0
:100E10002EFA02F3B740B14020FA02F24FEA174E21
:100E20000A43B3FBFEF8BCB20EFB1833110C41EAC7
:100E3000034108FB04F9B04089454FEA104380B2F2
:100E40003ED9791808F1FF3C01D289451FD8A1EBA2
:100E50000901B1FBFEF909FB04F80EFB191192B26E
:100E600042EA0142424529D2BA1809F1FF31C4D2FF
:100E70004245C2D2A9F102013A44BEE7F0459DD2F3
:100E8000BEEB02036CEB070C0138E14696E7A7EBDB
:100E900009094944A8F1020CB1FBFEF909FB04F869
:100EA000DBE773467FE7504666E70846FDE63B44CE
:100EB000023A33E7ACF1020C3B441CE749469CE79D
:100EC000A1EB0901C446B1FBFEF909FB04F8C4E734
:100ED000704700BF80B582B000AF0346FB71384A4F
:100EE000FB791370374B08221A70374B00221A70A7
:100EF000334B1B78012B07D9334B1B7843F0080386
:100F0000DAB2314B1A7006E02F4B1B7843F0040322
:100F1000DAB22D4B1A7000F087F9322001F07AFB1B
:100F2000284B1B78184600F045F94FF47A7001F011
:100F300071FB302000F02CF941F2941000F09EF982
:100F4000302000F025F941F2941000F097F930209C
:100F500000F01EF941F2941000F090F9202000F00A
:100F600017F9642000F08AF9174B1B7843F020032F
:100F7000DBB2184600F0CFF8144B04221A7000F0D0
:100F800075F800F02BF8124B02221A70104B1B78E8
:100F900043F00403DBB2184600F0BDF841F29410B0
:100FA00000F06CF90B49002000F076F80A490120A6
:100FB00000F072F800F01DF800BF0837BD4680BD94
:100FC0006702002068020020640200206502002001
:100FD00066020020000000200800002080B500AF5D
:100FE000012000F098F84FF4FA6000F047F900BFD4
:100FF00080BD80B500AF022000F08DF84FF4FA609C
:1010000000F03CF900BF80BD90B587B000AF03464B
:101010000A46FB711346BB71124B07F108040FCB54
:1010200084E80F00104B1B78BA799A4203D30E4B19
:101030001B78013BBB71BB799B0018333B4453F8D1
:10104000103CDAB2FB791344DBB25BB263F07F038E
:101050005BB2DBB2184600F05EF800BF1C37BD463D
:1010600090BD00BF608D00086702002080B500AF12
:10107000084B1B7843F00403DAB2064B1A70054B99
:101080001B7843F00803DBB2184600F044F800BFB9
:1010900080BD00BF6502002080B584B000AF03466C
:1010A0003960FB71FB7903F00703FB7197F9073097
:1010B000DB005BB243F040035BB2DBB2184600F0EA
:1010C0002AF80023FB6009E0FB683A6813441B78A8
:1010D000184600F02EF8FB680133FB60FB68072B15
:1010E000F2DD00BF00BF1037BD4680BD80B582B0C5
:1010F00000AF786006E07B685A1C7A601B7818465F
:1011000000F017F87B681B78002BF4D100BF00BFFC
:101110000837BD4680BD80B582B000AF0346FB7185
:10112000FB790021184600F012F800BF0837BD46D1
:1011300080BD80B582B000AF0346FB71FB79012111
:10114000184600F004F800BF0837BD4680BD80B5E2
:1011500084B000AF03460A46FB711346BB71FB79AE
:1011600023F00F03FB73FB791B01BB73FA7BBB7985
:101170001343DBB2184600F00BF8BA7BBB7913437C
:10118000DBB2184600F004F800BF1037BD4680BD42
:1011900080B582B000AF0346FB71FB79184600F0C2
:1011A00009F8FB79184600F021F800BF0837BD4662
:1011B00080BD000080B586B002AF0346FB71094BCD
:1011C0001A78FB791343DBB2FB7307F10F020A2392
:1011D000009301234E21044802F04CFE00BF10375B
:1011E000BD4680BD68020020B402002080B582B0F8
:1011F00000AF0346FB71FB7943F00403DBB21846F2
:10120000FFF7D8FF142000F039F8FB7923F004032E
:10121000DBB21846FFF7CEFF142000F02FF800BF16
:101220000837BD4680BD000080B400AF114BDB68BD
:10123000104A23F08073D3600E4BDB680D4A43F0F5
:101240008073D3600C4B1B680B4A23F001031360BF
:10125000094B1B68084A43F001031360064B002248
:101260005A6000BF00BF00BF00BFBD465DF8047BF1
:10127000704700BFF0ED00E0001000E080B487B0E0
:1012800000AF78600E4B1B680E4AA2FB03239A0C3A
:101290007B6802FB03F37B610B4B5B683B610A4B92
:1012A0005A683B69D31AFB60FB687A699A42F6D8A0
:1012B00000BF00BF1C37BD465DF8047B704700BF10
:1012C0007400002083DE1B43001000E080B582B074
:1012D00000AF7860104B1B781A4613469B001344EE
:1012E0009B000E4A134414227968184605F053FCFB
:1012F000094B1B785A1C0A4B83FB02135910D31756
:10130000C91A0B469B000B44D11ACAB2024B1A7081
:1013100000BF0837BD4680BDA0040020100000209B
:101320006766666680B584B002AF1D4B1B781A1DD8
:101330001C4B83FB02135910D317C91A0B469B0091
:101340000B44D11A0B46FB71154B1B78DA1C154B5D
:1013500083FB02135910D317C91A0B469B000B4489
:10136000D11A0B46BB71FA7913469B0013449B00BC
:101370000D4A9918BA7913469B0013449B000A4AF8
:10138000134400930B46094A2821094805F082FBC3
:10139000074B002283F8272000BF0837BD4680BDD9
:1013A000A00400206766666610000020708D0008AB
:1013B00050040020B0B584B000AF0346FB80FB882A
:1013C000402B58D1864B1B68002B0CBF01230023F8
:1013D000DBB21A46824B1A60814B1B68002B28D067
:1013E00001224FF480517F4802F0CEFB00224FF4DF
:1013F00000417C4802F0C8FB00224FF400517948BC
:1014000002F0C2FB00224FF48041764802F0BCFBA0
:10141000FFF7E4FD00210020FFF7F6FD7248FFF71B
:1014200065FE01210020FFF7EFFD7048FFF75EFE2B
:1014300021E000224FF480516A4802F0A5FB00220F
:101440004FF40041674802F09FFB00224FF4005127
:10145000644802F099FBFFF7C1FD00210020FFF76F
:10146000D3FD6148FFF742FE01210020FFF7CCFDCC
:101470005F48FFF73BFEFB88012B3FD1584B1B68B1
:10148000002B3BD001215B4802F066FB0346FB7357
:10149000FB7B012B19D0584B00221A7000224FF40D
:1014A0000041504802F070FBFFF798FD002100203A
:1014B000FFF7AAFD5148FFF719FE01210020FFF7B1
:1014C000A3FD4F48FFF712FE18E04B4B01221A70A4
:1014D00001224FF40041434802F056FBFFF77EFD26
:1014E00000210020FFF790FD4648FFF7FFFD012196
:1014F0000020FFF789FD4448FFF7F8FDFB88022B29
:1015000051D1374B1B68002B4DD00221394802F0D6
:1015100023FB0346BB73BB7B012B25D101224FF478
:101520000051304802F030FB0021384803F0C8FD7C
:10153000374B01221A60FFF751FD00210020FFF711
:1015400063FD3448FFF7D2FD01210020FFF75CFD69
:101550003148FFF7CBFD01220421304802F014FB93
:101560002F48FFF7B3FE1EE00021284803F070FE6D
:1015700000224FF400511B4802F006FBFFF72EFD3E
:1015800000210020FFF740FD2648FFF7AFFD0121B5
:101590000020FFF739FD2448FFF7A8FD00220421B1
:1015A0001E4802F0F1FAFB88B3F5804F14D10C4BC2
:1015B0001B68002B10D01D4B01221A70FFF7B2FEE2
:1015C0001B4C1C4D1A48FEF753FE034601332A46B6
:1015D0002146194801F0BAFE00BF1037BD46B0BD24
:1015E00040040020000C02407C8D0008848D00081F
:1015F000888D0008000002404C0400208C8D0008FB
:10160000A08D0008B08D0008C48D000808030020DC
:1016100044040020D48D0008E08D00080010024032
:10162000F08D0008F48D0008008E0008A104002051
:101630005004002078040020E003002080B582B030
:1016400000AF78607B681B68194A934203D1194840
:1016500001F048F827E07B681B68174A934222D1C3
:1016600000224FF40041154802F08EFA00224FF498
:101670000051124802F088FA00224FF480410F48CE
:1016800002F082FA002204210D4802F07DFA0022C5
:1016900008210B4802F078FA00210A4803F0D8FD2F
:1016A000094803F085FC00BF0837BD4680BD00BF78
:1016B000001000406C02002000140040000C0240AA
:1016C00000100240080300209803002080B588B075
:1016D00000AF78607B681B68364A934265D17868B2
:1016E00001F02BFA0346FB83334BBB61FB8B07EE08
:1016F000903AB8EEE77AD7ED067A27EE277ADFED53
:101700002F6AC7EE267AC7ED057AD7ED057AB2EED5
:10171000047A67EE877AC7ED047A4FF4806128482F
:1017200002F01AFA0346FB73FB7B002B20D1254BFA
:1017300001221A60FFF752FC00210020FFF764FC31
:101740002148FFF7D3FC01210020FFF75DFC1F4873
:10175000FFF7CCFC01224FF480411D4802F014FA3F
:1017600000211C4803F0ACFC1B48FFF7AFFD16E05E
:10177000D7ED047A9FED197AF4EEC77AF1EE10FAFC
:101780000DDD01224FF40041114802F0FDF9012264
:101790000821134802F0F8F91248FFF797FD1248A4
:1017A00003F096FB786801F07BF800BF2037BD4658
:1017B00080BD00BF0020014033335340000080450E
:1017C0000000024048040020108E0008208E00080F
:1017D000000C024008030020308E000800000C427C
:1017E00000100240388E00089803002080B500AF3A
:1017F00000F09EFE00F09CF800F0DCFA00F08EFA9B
:1018000000F050F900F07CF900F01CFA00F0F8F854
:1018100000F04EFA3B4803F05BFB0220FFF75AFB57
:10182000FFF7DCFB00210020FFF7EEFB3648FFF757
:101830005DFC01210020FFF7E7FB3448FFF756FC71
:10184000334B1B78012B19D1142000F0E3FE6422E6
:101850000021304801F025FEFFF7C0FB00210020E9
:10186000FFF7D2FB2C48FFF741FC294B00221A70EE
:1018700041F2883000F0CEFEFFF7B0FB4FF480411C
:10188000264802F069F90346002B06D101224FF4E5
:101890000041234802F078F905E000224FF40041AE
:1018A0001F4802F071F91F4B1B68012B0AD14FF43E
:1018B000FA7000F0AFFE00211B4803F0C9FC194B81
:1018C00000221A60194B1B68012BB9D14FF47A70B2
:1018D00000F0A0FE0021144803F0BAFC134B0022D4
:1018E0001A60FFF77BFB00210020FFF78DFB064805
:1018F000FFF7FCFB01210020FFF786FB0348FFF701
:10190000F5FB9DE750030020448E0008508E000830
:10191000A1040020E0030020780400200008024019
:10192000000C02404404002008030020480400206A
:1019300080B594B000AF07F1200330220021184693
:1019400005F021F907F10C0300221A605A609A6031
:10195000DA601A610023BB60274B1B6C264A43F0F8
:1019600080531364244B1B6C03F08053BB60BB6833
:1019700000237B60214B1B68204A43F480431360A3
:101980001E4B1B6803F480437B607B6801233B6232
:101990004FF480337B620223BB634FF48003FB630D
:1019A00004233B6432237B640223BB640423FB6473
:1019B00007F12003184602F0B7FD0346002B01D0C3
:1019C00000F0F0FA0F23FB6002233B6100237B61F0
:1019D0004FF48053BB610023FB6107F10C0301212D
:1019E000184603F019F80346002B01D000F0DAFA8C
:1019F00000BF5037BD4680BD003802400070004037
:101A000080B584B000AF3B4600221A605A609A60ED
:101A1000DA60214B214A1A601F4B00225A601E4B8C
:101A200000229A601C4B00221A611B4B00221A767E
:101A3000194B002283F82020174B0022DA62164B44
:101A4000174A9A62144B0022DA60134B0122DA61C2
:101A5000114B002283F830200F4B01225A610E48AF
:101A600000F0FCFD0346002B01D000F09BFA06239A
:101A70003B6001237B600023BB603B461946064860
:101A800001F07CF80346002B01D000F08BFA00BF78
:101A90001037BD4680BD00BF6C0200200020014011
:101AA0000100000F80B500AF124B134A1A60114BB2
:101AB000124A5A600F4B00229A600E4B0022DA60E5
:101AC0000C4B4FF480421A610A4B00225A61094BB9
:101AD00000229A61074B0022DA61064B00221A624B
:101AE000044802F083F80346002B01D000F05AFAB4
:101AF00000BF80BDB402002000540040A086010059
:101B000080B596B000AF07F1480300221A605A6012
:101B10009A60DA6007F1400300221A605A6007F108
:101B2000240300221A605A609A60DA601A615A61CE
:101B30009A613B1D20220021184605F024F83F4BF6
:101B40003F4A1A603D4B00225A603C4B00229A608B
:101B50003A4B4FF47A72DA60384B00221A61374BF5
:101B600000225A61354B00229A61344803F060F933
:101B70000346002B01D000F015FA4FF48053BB64EC
:101B800007F1480319462D4803F084FD0346002B56
:101B900001D000F007FA294803F039FA0346002B78
:101BA00001D000F0FFF900233B6400237B6407F1C0
:101BB00040031946214804F073F90346002B01D075
:101BC00000F0F0F960237B624FF4FA73BB620023EC
:101BD000FB6200233B6300237B630023BB63002382
:101BE000FB6307F1240300221946144803F090FC1C
:101BF0000346002B01D000F0D5F900237B600023C1
:101C0000BB600023FB6000233B6100237B614FF43A
:101C10000053BB6100233B623B1D1946074804F09B
:101C2000BBF90346002B01D000F0BCF9034800F0DB
:101C3000D7FA00BF5837BD4680BD00BF080300205B
:101C40000000014080B582B000AF3B4600221A6020
:101C50005A60154B154A1A60134B41F287325A608D
:101C6000114B00229A60104B44F61F62DA600E4B53
:101C700000229A610C4803F0DBF80346002B01D0E8
:101C800000F090F920233B6000237B603B4619461F
:101C9000054804F005F90346002B01D000F082F955
:101CA00000BF0837BD4680BD500300200010004033
:101CB00080B582B000AF3B4600221A605A60154BD7
:101CC000154A1A60134B41F287325A60114B0022B9
:101CD0009A60104B47F22F52DA600E4B00229A6145
:101CE0000C4803F0A5F80346002B01D000F05AF988
:101CF00000233B6000237B603B461946054804F007
:101D0000CFF80346002B01D000F04CF900BF083794
:101D1000BD4680BD980300200014004080B582B00D
:101D200000AF00237B60204B1B6B1F4A43F48003F2
:101D300013631D4B1B6B03F480037B607B681B4BA1
:101D40001B4A1A60194B00225A60184B80229A6075
:101D5000164B4FF40072DA60144B4FF480621A6134
:101D6000124B00225A61114B00229A610F4B002244
:101D7000DA610E4B00221A620C4B04225A620B4BA2
:101D800003229A62094B0022DA62084B00221A638E
:101D9000064801F02DFA0346002B01D000F002F9AD
:101DA00000BF0837BD4680BD00380240E003002078
:101DB0001064024080B58CB000AF07F11C03002214
:101DC0001A605A609A60DA601A610023BB61704B36
:101DD0001B6B6F4A43F0100313636D4B1B6B03F0D7
:101DE0001003BB61BB6900237B61694B1B6B684AB5
:101DF00043F080031363664B1B6B03F080037B612E
:101E00007B6900233B61624B1B6B614A43F001031A
:101E100013635F4B1B6B03F001033B613B690023C2
:101E2000FB605B4B1B6B5A4A43F008031363584B30
:101E30001B6B03F00803FB60FB680023BB60544B83
:101E40001B6B534A43F004031363514B1B6B03F0AA
:101E50000403BB60BB6800237B604D4B1B6B4C4A8B
:101E600043F0020313634A4B1B6B03F002037B60D6
:101E70007B6800220C21474801F086FE00224FF4C7
:101E80007041454801F080FE0C23FB6101233B6259
:101E900000237B620023BB6207F11C0319463D4807
:101EA00001F0BEFC0123FB614FF444133B620023AD
:101EB0007B6207F11C031946384801F0B1FC02238C
:101EC000FB614FF444133B6201237B6207F11C0367
:101ED0001946324801F0A4FC4FF48043FB614FF4F3
:101EE00088133B6202237B6207F11C0319462948D1
:101EF00001F096FC4FF47043FB6101233B62002329
:101F00007B620023BB6207F11C031946224801F0E3
:101F100087FC4023FB614FF488133B6202237B6202
:101F200007F11C0319461E4801F07AFC4FF4806348
:101F3000FB6100233B6200237B6207F11C0319460F
:101F4000164801F06DFC00220021062001F019F96D
:101F5000062001F032F900220021072001F011F9DA
:101F6000072001F02AF900220021172001F009F9C9
:101F7000172001F022F900220021282001F001F9A8
:101F8000282001F01AF900BF3037BD4680BD00BFE0
:101F90000038024000100240000C024000000240E5
:101FA0000008024080B400AF72B600BF00BFFDE77A
:101FB00080B483B000AF00237B60104B5B6C0F4A92
:101FC00043F4804353640D4B5B6C03F480437B60AC
:101FD0007B6800233B60094B1B6C084A43F080532D
:101FE0001364064B1B6C03F080533B603B6800BFDF
:101FF0000C37BD465DF8047B704700BF00380240D7
:1020000080B58AB000AF786007F1140300221A602F
:102010005A609A60DA601A617B681B681B4A9342B7
:102020002FD100233B611A4B5B6C194A43F4807338
:102030005364174B5B6C03F480733B613B69002373
:10204000FB60134B1B6B124A43F001031363104BED
:102050001B6B03F00103FB60FB6840237B610323E0
:10206000BB610023FB6107F114031946094801F025
:10207000D7FB00220021122001F083F8122001F08A
:102080009CF800BF2837BD4680BD00BF002001403E
:10209000003802400000024080B58AB000AF78608E
:1020A00007F1140300221A605A609A60DA601A611C
:1020B0007B681B68194A93422BD100233B61184B64
:1020C0001B6B174A43F002031363154B1B6B03F0A2
:1020D00002033B613B69C0237B611223BB61002388
:1020E000FB6103233B6204237B6207F1140319465F
:1020F0000C4801F095FB0023FB60094B1B6C084A60
:1021000043F400131364064B1B6C03F40013FB60D1
:10211000FB6800BF2837BD4680BD00BF00540040AB
:10212000003802400004024080B586B000AF7860FD
:102130007B681B68264A93420ED100237B61254BA6
:102140005B6C244A43F001035364224B5B6C03F045
:1021500001037B617B6936E07B681B681E4A934202
:1021600016D100233B611B4B1B6C1A4A43F0100332
:102170001364184B1B6C03F010033B613B69002296
:102180000021362000F0FDFF362001F016F81AE09D
:102190007B681B68114A934215D10023FB600D4BED
:1021A0001B6C0C4A43F0200313640A4B1B6C03F0B6
:1021B0002003FB60FB6800220021372000F0E1FFD4
:1021C000372000F0FAFF00BF1837BD4680BD00BFC2
:1021D00000000140003802400010004000140040A0
:1021E00080B588B000AF786007F10C0300221A6058
:1021F0005A609A60DA601A617B681B68124A9342DF
:102200001ED10023BB60114B1B6B104A43F010031F
:1022100013630E4B1B6B03F01003BB60BB684FF4E2
:102220000073FB6002233B6100237B610023BB61E1
:102230000123FB6107F10C031946054801F0F0FA90
:1022400000BF2037BD4680BD00000140003802407D
:102250000010024080B400AF00BFFDE780B400AFC3
:1022600000BFFDE780B400AF00BFFDE780B400AF62
:1022700000BFFDE780B400AF00BFFDE780B400AF52
:1022800000BFBD465DF8047B704780B400AF00BF5F
:10229000BD465DF8047B704780B400AF00BFBD460B
:1022A0005DF8047B704780B500AF00F093F900BF84
:1022B00080BD80B500AF012001F080FC00BF80BD73
:1022C00080B500AF022001F079FC00BF80BD0000A6
:1022D00080B500AF024800F020FB00BF80BD00BF0A
:1022E0006C02002080B500AF402001F067FC00BF09
:1022F00080BD80B500AF4FF4804001F05FFC00BFAF
:1023000080BD000080B500AF024803F011F800BFA7
:1023100080BD00BF5003002080B500AF024803F02D
:1023200007F800BF80BD00BF9803002080B400AF55
:1023300001231846BD465DF8047B704780B582B026
:1023400000AF7860396004F083FC034616221A60FF
:102350004FF0FF3318460837BD4680BD80B582B0C8
:1023600000AF78604FF0FF317868FFF7E7FF00BFFC
:10237000FDE780B586B000AFF860B9607A600023F1
:102380007B610AE0AFF300800146BB685A1CBA606B
:10239000CAB21A707B6901337B617A697B689A42A1
:1023A000F0DB7B6818461837BD4680BD80B586B027
:1023B00000AFF860B9607A6000237B6109E0BB6818
:1023C0005A1CBA601B781846AFF300807B69013352
:1023D0007B617A697B689A42F1DB7B681846183723
:1023E000BD4680BD80B483B000AF78604FF0FF334E
:1023F00018460C37BD465DF8047B704780B483B047
:1024000000AF786039603B684FF400525A60002397
:1024100018460C37BD465DF8047B704780B483B026
:1024200000AF7860012318460C37BD465DF8047B89
:10243000704780B485B000AFF860B9607A6000235F
:1024400018461437BD465DF8047B704780B586B0EA
:1024500000AF7860144A154BD31A7B617B693B61EE
:10246000134B1B68002B02D1114B124A1A60104B00
:102470001A687B6813443A699A4207D204F0E8FB71
:1024800003460C221A604FF0FF3309E0084B1B682B
:10249000FB60074B1A687B681344054A1360FB68AE
:1024A00018461837BD4680BD000002200004000019
:1024B000A4040020F805002080B400AF064BD3F838
:1024C0008830054A43F47003C2F8883000BFBD4627
:1024D0005DF8047B704700BF00ED00E0DFF834D00A
:1024E000FFF7EAFF0C480D490D4A002302E0D458DB
:1024F000C4500433C4188C42F9D30A4A0A4C00234E
:1025000001E013600432A242FBD304F0A7FBFFF703
:102510006DF97047000002200000002048020020F2
:102520000492000848020020F8050020FEE70000A1
:1025300080B500AF0E4B1B680D4A43F40073136067
:102540000B4B1B680A4A43F480631360084B1B68FB
:10255000074A43F480731360032000F007FE0F2046
:1025600000F008F8FFF724FD0023184680BD00BFE7
:10257000003C024080B582B000AF7860124B1A6810
:10258000124B1B7819464FF47A73B3FBF1F3B2FB8D
:10259000F3F3184600F01FFE0346002B01D0012381
:1025A0000EE07B680F2B0AD8002279684FF0FF30CD
:1025B00000F0E7FD064A7B681360002300E001237A
:1025C00018460837BD4680BD740000207C000020FE
:1025D0007800002080B400AF064B1B781A46064BEB
:1025E0001B681344044A136000BFBD465DF8047BBA
:1025F000704700BF7C000020A804002080B400AF1A
:10260000034B1B681846BD465DF8047B704700BF4E
:10261000A804002080B584B000AF7860FFF7EEFF1B
:10262000B8607B68FB60FB68B3F1FF3F05D00A4BE5
:102630001B781A46FB681344FB6000BFFFF7DEFF00
:102640000246BB68D31AFA689A42F7D800BF00BFA7
:102650001037BD4680BD00BF7C00002080B584B02F
:1026600000AF78600023FB737B68002B01D101234E
:1026700033E07B681B6C002B09D17868FFF7C0FC46
:102680007B6800225A647B68002283F83C207B68C8
:102690001B6C03F01003002B18D17B681B6C23F418
:1026A000885323F0020343F002027B681A647868BF
:1026B00000F086FB7B6800225A647B681B6C23F069
:1026C000030343F001027B681A6401E00123FB73FA
:1026D0007B68002283F83C20FB7B18461037BD4600
:1026E00080BD000080B485B000AF78600023BB607F
:1026F0007B6893F83C30012B01D10223BDE07B685D
:10270000012283F83C207B681B689B6803F001036F
:10271000012B18D07B681B689A687B681B6842F0A5
:1027200001029A60584B1B68584AA2FB03239A0C7B
:1027300013465B001344BB6002E0BB68013BBB6017
:10274000BB68002BF9D17B681B689B6803F0010311
:10275000012B40F085807B681B6C23F4E06323F041
:10276000010343F480727B681A647B681B685B68B2
:1027700003F48063002B07D07B681B6C23F4405369
:1027800043F480527B681A647B681B6C03F48053AB
:10279000B3F5805F06D17B685B6C23F006027B6833
:1027A0005A6402E07B6800225A647B68002283F846
:1027B0003C20374BFB607B681B686FF022021A607D
:1027C0007B681B685B687A68126843F0806343F03B
:1027D00020035360FB685B6803F01F03002B2AD1C2
:1027E0007B681B682B4A934215D07B681B682A4A7A
:1027F000934205D1264B5B6803F01F03002B0AD0E0
:102800007B681B68254A934236D1214B5B6803F0F5
:102810001003002B30D17B681B689B6803F040538A
:10282000002B29D17B681B689A687B681B6842F083
:1028300080429A6020E07B681B68164A93421BD155
:102840007B681B689B6803F04053002B14D17B68A6
:102850001B689A687B681B6842F080429A600BE0B4
:102860007B681B6C43F010027B681A647B685B6CAE
:1028700043F001027B685A64002318461437BD46B2
:102880005DF8047B704700BF7400002083DE1B43AB
:1028900000230140002001400021014000220140AE
:1028A00080B483B000AF78607B6893F83C30012B34
:1028B00001D102232BE07B68012283F83C207B6856
:1028C0001B689A687B681B6822F001029A607B682B
:1028D0001B689B6803F00103002B13D17B681B6806
:1028E0005B687A68126823F0806323F020035360EA
:1028F0007B681B6C23F4885323F0010343F001022F
:102900007B681A647B68002283F83C200023184609
:102910000C37BD465DF8047B704780B586B000AFCC
:10292000786000237B6100233B617B681B681B6828
:10293000FB607B681B685B68BB60FB6803F002039D
:102940007B61BB6803F020033B617B69002B49D0AE
:102950003B69002B46D07B681B6C03F01003002BF7
:1029600005D17B681B6C43F400727B681A647B683A
:102970001B689B6803F04053002B2BD17B681B7EA8
:10298000002B27D17B681B68DB6A03F47003002BE4
:1029900006D07B681B689B6803F48063002B19D109
:1029A0007B681B685A687B681B6822F020025A60AB
:1029B0007B681B6C23F480727B681A647B681B6CD9
:1029C00003F48053002B05D17B681B6C43F001029C
:1029D0007B681A647868FEF779FE7B681B686FF085
:1029E00012021A60FB6803F004037B61BB6803F00A
:1029F00080033B617B69002B57D03B69002B54D08F
:102A00007B681B6C03F01003002B05D17B681B6CEB
:102A100043F400527B681A647B681B689B6803F46C
:102A20004013002B39D17B681B689B6B03F4401368
:102A3000002B06D07B681B689B6803F48063002B27
:102A40002BD17B681B685B6803F48063002B24D167
:102A50007B681B689B6803F04053002B1DD17B688B
:102A60001B7E002B19D17B681B685A687B681B682A
:102A700022F080025A607B681B6C23F480527B68D2
:102A80001A647B681B6C03F48073002B05D17B6890
:102A90001B6C43F001027B681A64786800F08CFAC2
:102AA0007B681B686FF00C021A60FB6803F001037F
:102AB0007B61BB6803F040033B617B69002B17D04F
:102AC0003B69002B14D07B681B681B6803F0010373
:102AD000012B0DD17B681B6C43F480327B681A6438
:102AE000786800F037F87B681B686FF001021A60A5
:102AF000FB6803F020037B61BB6803F080633B61EC
:102B00007B69002B15D03B69002B12D07B685B6C76
:102B100043F002027B685A647B681B686FF02002F6
:102B20001A60786800F020F87B681B686FF020025C
:102B30001A6000BF1837BD4680BD80B483B000AFB7
:102B400078607B681B68DB6C18460C37BD465DF807
:102B5000047B704780B483B000AF786000BF0C374F
:102B6000BD465DF8047B704780B483B000AF7860E9
:102B700000BF0C37BD465DF8047B704780B485B05C
:102B800000AF786039600023BB607B6893F83C300D
:102B9000012B01D1022305E17B68012283F83C204F
:102BA0003B681B68092B25D97B681B68D9683B6883
:102BB0001B689BB21A4613465B0013441E3B072258
:102BC00002FA03F3DA437B681B680A40DA607B6829
:102BD0001B68D9683B689A683B681B689BB21846BB
:102BE00003465B0003441E3B9A407B681B680A4314
:102BF000DA6022E07B681B6819693B681B689BB23E
:102C00001A4613465B001344072202FA03F3DA4321
:102C10007B681B680A401A617B681B6819693B68FE
:102C20009A683B681B689BB2184603465B000344E6
:102C30009A407B681B680A431A613B685B68062BF5
:102C400024D87B681B68596B3B685A6813469B0005
:102C50001344053B1F2202FA03F3DA437B681B6827
:102C60000A405A637B681B68596B3B681B689BB2C0
:102C700018463B685A6813469B001344053B00FA0C
:102C800003F27B681B680A435A634CE03B685B684D
:102C90000C2B24D87B681B68196B3B685A68134659
:102CA0009B001344233B1F2202FA03F3DA437B68A1
:102CB0001B680A401A637B681B68196B3B681B68BA
:102CC0009BB218463B685A6813469B001344233B4B
:102CD00000FA03F27B681B680A431A6323E07B68EF
:102CE0001B68D96A3B685A6813469B001344413BF2
:102CF0001F2202FA03F3DA437B681B680A40DA6298
:102D00007B681B68D96A3B681B689BB218463B68A6
:102D10005A6813469B001344413B00FA03F27B6858
:102D20001B680A43DA62224BFB607B681B68214AFE
:102D3000934209D13B681B68122B05D1FB685B6885
:102D400043F48002FB685A607B681B68194A93420F
:102D500023D13B681B68102B03D03B681B68112BE9
:102D60001BD1FB685B6843F40002FB685A603B6858
:102D70001B68102B11D1104B1B68104AA2FB0323B8
:102D80009A0C13469B0013445B00BB6002E0BB68D7
:102D9000013BBB60BB68002BF9D17B68002283F844
:102DA0003C20002318461437BD465DF8047B70476D
:102DB00000230140002001407400002083DE1B43FB
:102DC00080B485B000AF7860794BFB60FB685B68CE
:102DD00023F44032FB685A60FB685A687B685B6882
:102DE0001A43FB685A607B681B685A687B681B68DB
:102DF00022F480725A607B681B6859687B681B6983
:102E00001A027B681B680A435A607B681B685A6811
:102E10007B681B6822F040725A607B681B685968A7
:102E20007B689A687B681B680A435A607B681B68EA
:102E30009A687B681B6822F400629A607B681B6852
:102E400099687B68DA687B681B680A439A607B68CC
:102E50009B6A584A934222D07B681B689A687B68B9
:102E60001B6822F070629A607B681B6899687B68B7
:102E70009A6A7B681B680A439A607B681B689A6839
:102E80007B681B6822F040529A607B681B689968D7
:102E90007B68DA6A7B681B680A439A600FE07B688C
:102EA0001B689A687B681B6822F070629A607B6876
:102EB0001B689A687B681B6822F040529A607B68A6
:102EC0001B689A687B681B6822F002029A607B6824
:102ED0001B6899687B681B7E5A007B681B680A43E5
:102EE0009A607B6893F82030002B1BD07B681B68AE
:102EF0005A687B681B6842F400625A607B681B68F2
:102F00005A687B681B6822F460425A607B681B68C1
:102F100059687B685B6A013B5A037B681B680A43FC
:102F20005A6007E07B681B685A687B681B6822F45C
:102F300000625A607B681B68DA6A7B681B6822F44F
:102F40007002DA627B681B68D96A7B68DB69013BC7
:102F50001A057B681B680A43DA627B681B689A68FB
:102F60007B681B6822F400729A607B681B68996812
:102F70007B6893F830305A027B681B680A439A607A
:102F80007B681B689A687B681B6822F480629A6081
:102F90007B681B6899687B685B699A027B681B6821
:102FA0000A439A6000BF1437BD465DF8047B704742
:102FB000002301400100000F80B483B000AF7860AF
:102FC00000BF0C37BD465DF8047B704780B485B008
:102FD00000AF78607B6803F00703FB600C4BDB6895
:102FE000BB60BA684FF6FF031340BB60FB681A0270
:102FF000BB68134343F0BF6343F40033BB60044A30
:10300000BB68D36000BF1437BD465DF8047B7047D2
:1030100000ED00E080B400AF044BDB681B0A03F056
:1030200007031846BD465DF8047B704700ED00E0DD
:1030300080B483B000AF0346FB7197F90730002BD3
:103040000BDBFB7903F01F02074997F907305B0997
:10305000012000FA02F241F8232000BF0C37BD46E0
:103060005DF8047B704700BF00E100E080B483B0EE
:1030700000AF03463960FB7197F90730002B0ADB7C
:103080003B68DAB20C4997F907301201D2B20B440F
:1030900083F800230AE03B68DAB20849FB7903F0C1
:1030A0000F03043B1201D2B20B441A7600BF0C3757
:1030B000BD465DF8047B704700E100E000ED00E0F4
:1030C00080B489B000AFF860B9607A60FB6803F043
:1030D0000703FB61FB69C3F10703042B28BF04232B
:1030E000BB61FB690433062B02D9FB69033B00E09B
:1030F00000237B614FF0FF32BB6902FA03F3DA432E
:10310000BB681A407B699A404FF0FF317B6901FA36
:1031100003F3D9437B680B40134318462437BD465D
:103120005DF8047B7047000080B582B000AF786026
:103130007B68013BB3F1807F01D301230FE00A4A92
:103140007B68013B53600F214FF0FF30FFF78EFF8C
:10315000054B00229A60044B07221A600023184690
:103160000837BD4680BD00BF10E000E080B582B0EA
:1031700000AF78607868FFF729FF00BF0837BD46C9
:1031800080BD80B586B000AF0346B9607A60FB733E
:1031900000237B61FFF73EFF78617A68B968786940
:1031A000FFF78EFF024697F90F3011461846FFF7DA
:1031B0005DFF00BF1837BD4680BD80B582B000AF4F
:1031C0000346FB7197F907301846FFF731FF00BF40
:1031D0000837BD4680BD80B582B000AF78607868A2
:1031E000FFF7A2FF034618460837BD4680BD000022
:1031F00080B586B000AF786000237B61FFF7FEF9F1
:1032000038617B68002B01D1012399E07B680222A1
:1032100083F835207B68002283F834207B681B68A4
:103220001A687B681B6822F001021A600FE0FFF742
:10323000E5F902463B69D31A052B08D97B682022A1
:103240005A657B68032283F83520032378E07B6886
:103250001B681B6803F00103002BE8D17B681B6827
:103260001B687B617A69384B13407B617B685A68C5
:103270007B689B681A437B68DB681A437B681B6921
:103280001A437B685B691A437B689B691A437B68B6
:10329000DB691A437B681B6A13437A6913437B61BA
:1032A0007B685B6A042B07D17B68DA6A7B681B6BDF
:1032B00013437A6913437B617B681B687A691A60E0
:1032C0007B681B685B697B617B6923F007037B611B
:1032D0007B685B6A7A6913437B617B685B6A042B5A
:1032E00017D17B689B6A7A6913437B617B68DB6AD1
:1032F000002B0ED0786800F017FA0346002B08D098
:103300007B6840225A657B68012283F835200123BF
:1033100016E07B681B687A695A61786800F0CEF91C
:103320000346FB607B68DB6D3F229A40FB689A6036
:103330007B6800225A657B68012283F835200023D0
:1033400018461837BD4680BD3F8010F080B586B066
:1033500000AFF860B9607A603B600023FB75FB68E2
:1033600093F83430012B01D1022326E0FB680122BF
:1033700083F83420FB6893F83530DBB2012B15D18C
:10338000FB68022283F83520FB6800225A653B68FF
:103390007A68B968F86800F063F9FB681B681A6816
:1033A000FB681B6842F001021A6005E0FB6800221E
:1033B00083F834200223FB75FB7D18461837BD4681
:1033C00080BD80B584B000AF78607B689B6DFB608A
:1033D000FFF714F9B8607B6893F83530DBB2022B45
:1033E00008D07B6880225A657B68002283F83420ED
:1033F000012352E07B681B681A687B681B6822F017
:1034000016021A607B681B685A697B681B6822F089
:1034100080025A617B681B6C002B03D17B689B6C1C
:10342000002B07D07B681B681A687B681B6822F03A
:1034300008021A607B681B681A687B681B6822F0A8
:1034400001021A6013E0FFF7D9F80246BB68D31AED
:10345000052B0CD97B6820225A657B68032283F8F0
:1034600035207B68002283F83420032315E07B6835
:103470001B681B6803F00103002BE4D17B68DB6D44
:103480003F229A40FB689A607B68012283F83520CE
:103490007B68002283F83420002318461037BD468D
:1034A00080BD80B58AB000AFF8600B467A60FB72D1
:1034B0000023FB77FFF7A2F8B861FB6893F835307B
:1034C000DBB2022B08D0FB6880225A65FB68002221
:1034D00083F834200123BFE0FB681B681B6803F4FA
:1034E0008073002B05D0FB684FF480725A6501236E
:1034F000B2E0FB7A002B06D1FB68DB6D202202FADA
:1035000003F37B6205E0FB68DB6D102202FA03F334
:103510007B62FB689B6D7B617B691B683B625AE049
:103520007B68B3F1FF3F17D07B68002B07D0FFF714
:1035300065F80246BB69D31A7A689A420CD2FB68D6
:1035400020225A65FB68012283F83520FB6800229F
:1035500083F8342003237FE07B691B683B62FB68B0
:10356000DB6D08229A403B6A1340002B0BD0FB68AE
:103570005B6D43F00102FB685A65FB68DB6D082256
:103580009A407B699A60FB68DB6D01229A403B6A36
:103590001340002B0BD0FB685B6D43F00202FB680D
:1035A0005A65FB68DB6D01229A407B699A60FB6873
:1035B000DB6D04229A403B6A1340002B0BD0FB6862
:1035C0005B6D43F00402FB685A65FB68DB6D042207
:1035D0009A407B699A603A6A7B6A1340002B05D156
:1035E000FB685B6D03F00103002B99D0FB685B6DFA
:1035F000002B18D0FB685B6D03F00103002B12D089
:10360000F868FFF7DEFEFB68DB6D30229A407B69CD
:103610009A60FB68012283F83520FB68002283F85A
:103620003420012318E0FB7A002B0ED1FB68DB6D00
:1036300030229A407B699A60FB68012283F835202A
:10364000FB68002283F8342005E0FB68DB6D102264
:103650009A407B699A60FB7F18462837BD4680BD3B
:1036600080B485B000AFF860B9607A603B60FB68F9
:103670001B681A68FB681B6822F480221A60FB68CA
:103680001B683A685A60FB689B68402B08D1FB684E
:103690001B687A689A60FB681B68BA68DA6007E0A2
:1036A000FB681B68BA689A60FB681B687A68DA6016
:1036B00000BF1437BD465DF8047B704780B485B009
:1036C00000AF78607B681B68DBB2103B144AA2FB3A
:1036D00003231B09FB60134AFB6813441B781A463B
:1036E0007B68DA65FB68032B09D97B681B6823F4C8
:1036F0007F7323F003031A1D7B689A6507E07B68DC
:103700001B6823F47F7323F003037A6893657B6857
:103710009B6D18461437BD465DF8047B704700BFAB
:10372000ABAAAAAA748E000880B485B000AF7860F6
:103730000023FB737B689B6ABB607B689B69002BE3
:103740001FD1BB68032B56D801A252F823F000BF4B
:10375000613700087337000861370008F737000841
:103760007B68DB6A03F08073002B46D00123FB7378
:1037700043E07B68DB6AB3F1C07F40D10123FB7378
:103780003DE07B689B69B3F5005F21D1BB68032BEB
:1037900037D801A252F823F0A9370008AF37000844
:1037A000A9370008C13700080123FB7330E07B68AC
:1037B000DB6A03F08073002B25D00123FB7322E02A
:1037C0007B68DB6AB3F1C07F1FD10123FB731CE070
:1037D000BB68022B03D9BB68032B03D018E001237D
:1037E000FB7315E07B68DB6A03F08073002B0ED05F
:1037F0000123FB730BE000BF0AE000BF08E000BF3D
:1038000006E000BF04E000BF02E000BF00E000BF30
:10381000FB7B18461437BD465DF8047B704700BF3C
:1038200080B489B000AF7860396000237B610023E9
:103830003B610023BB610023FB616BE10122FB695B
:1038400002FA03F37B613B681B687A6913403B61B2
:103850003A697B699A4240F05A813B685B6803F0A1
:103860000303012B05D03B685B6803F00303022BC5
:1038700030D17B689B68BB61FB695B00032202FA65
:1038800003F3DB43BA691340BB613B68DA68FB6949
:103890005B0002FA03F3BA691343BB617B68BA6940
:1038A0009A607B685B68BB610122FB6902FA03F3E3
:1038B000DB43BA691340BB613B685B681B0903F0DB
:1038C0000102FB6902FA03F3BA691343BB617B6827
:1038D000BA695A603B685B6803F00303032B17D097
:1038E0007B68DB68BB61FB695B00032202FA03F3C0
:1038F000DB43BA691340BB613B689A68FB695B00B4
:1039000002FA03F3BA691343BB617B68BA69DA60F0
:103910003B685B6803F00303022B23D1FB69DA08E1
:103920007B68083253F82230BB61FB6903F0070360
:103930009B000F2202FA03F3DB43BA691340BB6119
:103940003B681A69FB6903F007039B0002FA03F363
:10395000BA691343BB61FB69DA087B680832B9694D
:1039600043F822107B681B68BB61FB695B00032284
:1039700002FA03F3DB43BA691340BB613B685B683F
:1039800003F00302FB695B0002FA03F3BA69134315
:10399000BB617B68BA691A603B685B6803F44033BB
:1039A000002B00F0B4800023FB60604B5B6C5F4A2F
:1039B00043F4804353645D4B5B6C03F48043FB60D2
:1039C000FB685B4AFB699B08023352F82330BB61FA
:1039D000FB6903F003039B000F2202FA03F3DB43AE
:1039E000BA691340BB617B68524A93422BD07B6813
:1039F000514A934225D07B68504A93421FD07B683E
:103A00004F4A934219D07B684E4A934213D07B6849
:103A10004D4A93420DD07B684C4A934207D07B6855
:103A20004B4A934201D107230EE008230CE0062302
:103A30000AE0052308E0042306E0032304E0022350
:103A400002E0012300E00023FA6902F00302920081
:103A50009340BA691343BB613549FB699B08023344
:103A6000BA6941F823203B4B9B68BB613B69DB4350
:103A7000BA691340BB613B685B6803F48013002B99
:103A800003D0BA693B691343BB61324ABB69936097
:103A9000304BDB68BB613B69DB43BA691340BB61F8
:103AA0003B685B6803F40013002B03D0BA693B69E1
:103AB0001343BB61274ABB69D360264B5B68BB617C
:103AC0003B69DB43BA691340BB613B685B6803F445
:103AD0000033002B03D0BA693B691343BB611D4A15
:103AE000BB6953601B4B1B68BB613B69DB43BA6915
:103AF0001340BB613B685B6803F48033002B03D049
:103B0000BA693B691343BB61124ABB691360FB6925
:103B10000133FB61FB690F2B7FF690AE00BF00BF46
:103B20002437BD465DF8047B704700BF0038024073
:103B3000003801400000024000040240000802403A
:103B4000000C024000100240001402400018024025
:103B5000001C0240003C014080B485B000AF78609A
:103B60000B467B807B681A697B881340002B02D050
:103B70000123FB7301E00023FB73FB7B1846143722
:103B8000BD465DF8047B704780B483B000AF7860B9
:103B90000B467B8013467B707B78002B03D07A88A2
:103BA0007B689A6103E07B881A047B689A6100BF96
:103BB0000C37BD465DF8047B7047000080B582B0CD
:103BC00000AF0346FB80084B5A69FB881340002B6B
:103BD00006D0054AFB885361FB881846FDF7EAFBCF
:103BE00000BF0837BD4680BD003C014080B584B0B1
:103BF00000AF78607B68002B01D101232BE17B684B
:103C000093F83D30DBB2002B06D17B68002283F8AD
:103C10003C207868FEF740FA7B68242283F83D2038
:103C20007B681B681A687B681B6822F001021A60B7
:103C30007B681B681A687B681B6842F400421A6044
:103C40007B681B681A687B681B6822F400421A6054
:103C500001F0DAF8F8607B685B68814A934207D824
:103C6000FB68804A934294BF01230023DBB206E045
:103C7000FB687D4A934294BF01230023DBB2002BF3
:103C800001D00123E7E0FB68784AA2FB03239B0CE9
:103C9000BB607B681B685B6823F03F017B681B6827
:103CA000BA680A435A607B681B681B6A23F03F01AD
:103CB0007B685B686A4A934202D8BB68013309E0BB
:103CC000BB684FF4967202FB03F3694AA2FB03231D
:103CD0009B0901337A6812680B4313627B681B6887
:103CE000DB6923F44F4222F0FF027B685B685C498A
:103CF0008B4219D8FB68591E7B685B685B00B1FB7F
:103D0000F3F3591C40F6FC730B40002B0AD0FB6800
:103D1000591E7B685B685B00B1FBF3F30133C3F3AF
:103D20000B0351E004234FE07B689B68002B11D10B
:103D3000FB68581E7B6859680B465B000B44B0FB60
:103D4000F3F30133C3F30B03002B0CBF0123002358
:103D5000DBB212E0FB68581E7B6859680B469B007B
:103D60000B4499000B44B0FBF3F30133C3F30B0393
:103D7000002B0CBF01230023DBB2002B01D0012359
:103D800022E07B689B68002B0ED1FB68581E7B6885
:103D900059680B465B000B44B0FBF3F30133C3F3EC
:103DA0000B0343F400430FE0FB68581E7B6859681F
:103DB0000B469B000B4499000B44B0FBF3F301331B
:103DC000C3F30B0343F44043796809681343CB61A1
:103DD0007B681B681B6823F0C0017B68DA697B681D
:103DE0001B6A1A437B681B680A431A607B681B685E
:103DF0009B6823F4034323F0FF037A6811697A6810
:103E0000D26811437A6812680B4393607B681B6821
:103E1000DB6823F0FF017B685A697B689B691A4362
:103E20007B681B680A43DA607B681B681A687B68DA
:103E30001B6842F001021A607B6800221A647B68EA
:103E4000202283F83D207B6800221A637B680022D1
:103E500083F83E20002318461037BD4680BD00BFC2
:103E6000A08601007F841E00FF083D0083DE1B4307
:103E7000D34D621080B588B002AFF8607A601A4600
:103E80000B467B8113463B81FEF7B8FB7861FB68EC
:103E900093F83D30DBB2202B40F0E0807B6900934B
:103EA000192301227049F86800F064F90346002BD9
:103EB00001D00223D3E0FB6893F83C30012B01D101
:103EC0000223CCE0FB68012283F83C20FB681B68DE
:103ED0001B6803F00103012B07D0FB681B681A68FD
:103EE000FB681B6842F001021A60FB681B681A68D5
:103EF000FB681B6822F400621A60FB68212283F8C9
:103F00003D20FB68102283F83E20FB6800221A64E3
:103F1000FB687A685A62FB683A895A85FB685B8D50
:103F20009AB2FB681A85FB68504ADA6279897B6924
:103F30003A6AF86800F09CF80346002B01D0012390
:103F40008DE000233B61FB681B685B693B61FB689C
:103F50001B689B693B613B6966E07A69396AF8686E
:103F600000F022FA0346002B0DD0FB681B6C042BDB
:103F700007D1FB681B681A68FB681B6842F4007273
:103F80001A6001236BE0FB685B6A1A78FB681B68A8
:103F90001A61FB685B6A5A1CFB685A62FB685B8D9E
:103FA0009BB2013B9AB2FB685A85FB681B8D013BB3
:103FB0009AB2FB681A85FB681B685B6903F004030F
:103FC000042B1BD1FB681B8D002B17D0FB685B6A91
:103FD0001A78FB681B681A61FB685B6A5A1CFB68ED
:103FE0005A62FB685B8D9BB2013B9AB2FB685A85B3
:103FF000FB681B8D013B9AB2FB681A857A69396AA6
:10400000F86800F019FA0346002B0DD0FB681B6C12
:10401000042B07D1FB681B681A68FB681B6842F415
:1040200000721A6001231AE0FB681B8D002B94D1EB
:10403000FB681B681A68FB681B6842F400721A6010
:10404000FB68202283F83D20FB68002283F83E2095
:10405000FB68002283F83C20002300E0022318467E
:104060001837BD4680BD00BF020010000000FFFFF2
:1040700080B588B002AFF8607A603B600B467B8108
:10408000FB68DB6A7B617B69082B06D07B69012BAF
:1040900003D07B6913F5803F08D1FB681B681A6861
:1040A000FB681B6842F480721A600BE0FB681B6BB4
:1040B000122B07D1FB681B681A68FB681B6842F467
:1040C00080721A603B6800937B6800224FF00111F8
:1040D000F86800F04FF80346002B0DD0FB681B6812
:1040E0001B6803F48073B3F5807F03D1FB684FF442
:1040F00000721A64032335E0FB681B69B3F5804F37
:1041000008D17B89DBB21A46FB681B6802F0FE020D
:104110001A611BE07B89DB11DBB203F00603DBB223
:1041200063F00F03DAB2FB681B681A613B687A68B8
:104130000E49F86800F098F80346002B01D00123DF
:1041400010E07B89DAB2FB681B681A613B687A6809
:104150000749F86800F088F80346002B01D00123D6
:1041600000E0002318461837BD4680BD0800010056
:104170000200010080B584B000AFF860B9603B6018
:104180001346FB7148E03B68B3F1FF3F44D0FEF7B4
:1041900035FA0246BB69D31A3A689A4202D33B68A1
:1041A000002B39D1BB681B0CDBB2012B0DD1FB6896
:1041B0001B685B69DA43BB6813409BB2002B0CBFE2
:1041C00001230023DBB21A460CE0FB681B689B69E5
:1041D000DA43BB6813409BB2002B0CBF01230023C2
:1041E000DBB21A46FB799A4216D1FB6800221A63A9
:1041F000FB68202283F83D20FB68002283F83E20E4
:10420000FB681B6C43F02002FB681A64FB68002209
:1042100083F83C20012323E0BB681B0CDBB2012B9D
:104220000DD1FB681B685B69DA43BB6813409BB226
:10423000002B0CBF01230023DBB21A460CE0FB6805
:104240001B689B69DA43BB6813409BB2002B0CBF11
:1042500001230023DBB21A46FB799A4293D0002354
:1042600018461037BD4680BD80B584B000AFF860F9
:10427000B9607A603B6071E0FB681B685B6903F4BE
:104280008063B3F5806F23D1FB681B681A68FB68F5
:104290001B6842F400721A60FB681B686FF480624E
:1042A0005A61FB6800221A63FB68202283F83D20D4
:1042B000FB68002283F83E20FB681B6C43F004027D
:1042C000FB681A64FB68002283F83C20012367E046
:1042D0007B68B3F1FF3F41D0FEF790F902463B689F
:1042E000D31A7A689A4202D37B68002B36D1BB6816
:1042F0001B0CDBB2012B0CD1FB681B685B69DA433A
:10430000BB6813409BB2002B14BF01230023DBB218
:104310000BE0FB681B689B69DA43BB6813409BB2E8
:10432000002B14BF01230023DBB2002B16D0FB6847
:1043300000221A63FB68202283F83D20FB680022DC
:1043400083F83E20FB681B6C43F02002FB681A6474
:10435000FB68002283F83C20012321E0BB681B0C92
:10436000DBB2012B0CD1FB681B685B69DA43BB68CD
:1043700013409BB2002B14BF01230023DBB20BE0E0
:10438000FB681B689B69DA43BB6813409BB2002B38
:1043900014BF01230023DBB2002B7FF46DAF002399
:1043A00018461037BD4680BD80B584B000AFF860B8
:1043B000B9607A6034E0F86800F086F80346002BB4
:1043C00001D0012334E0BB68B3F1FF3F28D0FEF7F2
:1043D00015F902467B68D31ABA689A4202D3BB68C1
:1043E000002B1DD1FB681B685B6903F08003802BE9
:1043F00016D0FB6800221A63FB68202283F83D2058
:10440000FB68002283F83E20FB681B6C43F020020F
:10441000FB681A64FB68002283F83C20012307E054
:10442000FB681B685B6903F08003802BC3D100230A
:1044300018461037BD4680BD80B584B000AFF86027
:10444000B9607A6034E0F86800F03EF80346002B6B
:1044500001D0012334E0BB68B3F1FF3F28D0FEF761
:10446000CDF802467B68D31ABA689A4202D3BB6879
:10447000002B1DD1FB681B685B6903F00403042B50
:1044800016D0FB6800221A63FB68202283F83D20C7
:10449000FB68002283F83E20FB681B6C43F020027F
:1044A000FB681A64FB68002283F83C20012307E0C4
:1044B000FB681B685B6903F00403042BC3D1002372
:1044C00018461037BD4680BD80B483B000AF786019
:1044D0007B681B685B6903F48063B3F5806F1BD155
:1044E0007B681B686FF480625A617B6800221A63E4
:1044F0007B68202283F83D207B68002283F83E20E1
:104500007B681B6C43F004027B681A647B680022A2
:1045100083F83C20012300E0002318460C37BD46F9
:104520005DF8047B7047000080B586B000AF78600E
:104530007B68002B01D1012367E27B681B6803F0D5
:104540000103002B75D0884B9B6803F00C03042BF0
:104550000CD0854B9B6803F00C03082B12D1824BC7
:104560005B6803F48003B3F5800F0BD17E4B1B68AF
:1045700003F40033002B5BD07B685B68002B57D1C2
:10458000012342E27B685B68B3F5803F06D1764B3E
:104590001B68754A43F4803313601DE07B685B68D9
:1045A000B3F5A02F0CD1704B1B686F4A43F48023E6
:1045B00013606D4B1B686C4A43F4803313600BE04F
:1045C000694B1B68684A23F480331360664B1B6891
:1045D000654A23F4802313607B685B68002B13D04B
:1045E000FEF70CF8386108E0FEF708F802463B6970
:1045F000D31A642B01D9032307E25B4B1B6803F436
:104600000033002BF0D014E0FDF7F8FF386108E02C
:10461000FDF7F4FF02463B69D31A642B01D903234B
:10462000F3E1514B1B6803F40033002BF0D100E0A1
:1046300000BF7B681B6803F00203002B63D04A4B6A
:104640009B6803F00C03002B0BD0474B9B6803F0D7
:104650000C03082B1CD1444B5B6803F48003002B34
:1046600016D1414B1B6803F00203002B05D07B6879
:10467000DB68012B01D00123C7E13B4B1B6823F012
:10468000F8027B681B69DB00374913430B603AE093
:104690007B68DB68002B20D0344B01221A60FDF7C9
:1046A000ADFF386108E0FDF7A9FF02463B69D31A68
:1046B000022B01D90323A8E12B4B1B6803F0020353
:1046C000002BF0D0284B1B6823F0F8027B681B6995
:1046D000DB00254913430B6015E0244B00221A60D0
:1046E000FDF78CFF386108E0FDF788FF02463B6963
:1046F000D31A022B01D9032387E11B4B1B6803F05C
:104700000203002BF0D17B681B6803F00803002B29
:1047100036D07B685B69002B16D0154B01221A60DE
:10472000FDF76CFF386108E0FDF768FF02463B6962
:10473000D31A022B01D9032367E10B4B5B6F03F004
:104740000203002BF0D01BE0094B00221A60FDF79A
:1047500055FF38610EE0FDF751FF02463B69D31A61
:10476000022B07D9032350E10038024000004742E2
:10477000800E4742884B5B6F03F00203002BEAD1A7
:104780007B681B6803F00403002B00F09780002374
:10479000FB75814B1B6C03F08053002B0FD1002362
:1047A000BB607D4B1B6C7C4A43F0805313647A4B97
:1047B0001B6C03F08053BB60BB680123FB75774B18
:1047C0001B6803F48073002B18D1744B1B68734A69
:1047D00043F480731360FDF711FF386108E0FDF7C3
:1047E0000DFF02463B69D31A022B01D903230CE1CA
:1047F0006A4B1B6803F48073002BF0D07B689B68C6
:10480000012B06D1644B1B6F634A43F0010313670E
:104810001CE07B689B68052B0CD15F4B1B6F5E4ACD
:1048200043F0040313675C4B1B6F5B4A43F00103C7
:1048300013670BE0584B1B6F574A23F001031367B4
:10484000554B1B6F544A23F0040313677B689B6826
:10485000002B15D0FDF7D2FE38610AE0FDF7CEFE41
:1048600002463B69D31A41F28832934201D90323AD
:10487000CBE0494B1B6F03F00203002BEED014E09A
:10488000FDF7BCFE38610AE0FDF7B8FE02463B6961
:10489000D31A41F28832934201D90323B5E03E4B4B
:1048A0001B6F03F00203002BEED1FB7D012B05D122
:1048B000394B1B6C384A23F0805313647B689B6927
:1048C000002B00F0A180344B9B6803F00C03082BF5
:1048D0005CD07B689B69022B41D1314B00221A606E
:1048E000FDF78CFE386108E0FDF788FE02463B6963
:1048F000D31A022B01D9032387E0274B1B6803F04F
:104900000073002BF0D17B68DA697B681B6A1A435D
:104910007B685B6A9B011A437B689B6A5B08013B6F
:104920001B041A437B68DB6A1B061B4913434B605D
:104930001B4B01221A60FDF761FE386108E0FDF7AC
:104940005DFE02463B69D31A022B01D903235CE0CA
:10495000114B1B6803F00073002BF0D054E0104B98
:1049600000221A60FDF74AFE386108E0FDF746FEB6
:1049700002463B69D31A022B01D9032345E0064BBB
:104980001B6803F00073002BF0D13DE07B689B694E
:10499000012B07D1012338E00038024000700040AD
:1049A000600047421B4B5B68FB607B689B69012B87
:1049B00028D0FB6803F480027B68DB699A4221D12E
:1049C000FB6803F03F027B681B6A9A421AD1FA68BF
:1049D00047F6C07313407A68526A9201934211D12C
:1049E000FB6803F440327B689B6A5B08013B1B0455
:1049F0009A4207D1FB6803F070627B68DB6A1B0692
:104A00009A4201D0012300E0002318461837BD4622
:104A100080BD00BF0038024080B584B000AF786030
:104A200039607B68002B01D10123CCE0684B1B6807
:104A300003F007033A689A420CD9654B3A68D2B240
:104A40001A70634B1B6803F007033A689A4201D05F
:104A50000123B8E07B681B6803F00203002B20D021
:104A60007B681B6803F00403002B05D0594B9B683F
:104A7000584A43F4E05393607B681B6803F00803D3
:104A8000002B05D0534B9B68524A43F4604393601C
:104A9000504B9B6823F0F0027B689B684D491343A1
:104AA0008B607B681B6803F00103002B44D07B689C
:104AB0005B68012B07D1474B1B6803F40033002BC5
:104AC00019D101237FE07B685B68022B03D07B68F0
:104AD0005B68032B07D13F4B1B6803F00073002B6F
:104AE00009D101236FE03B4B1B6803F00203002B4D
:104AF00001D1012367E0374B9B6823F003027B68F9
:104B00005B68344913438B60FDF778FDF8600AE079
:104B1000FDF774FD0246FB68D31A41F288329342D6
:104B200001D903234FE02B4B9B6803F00C027B68F9
:104B30005B689B009A42EBD1254B1B6803F007038F
:104B40003A689A420CD2224B3A68D2B21A70204B81
:104B50001B6803F007033A689A4201D0012332E050
:104B60007B681B6803F00403002B08D0194B9B687B
:104B700023F4E0527B68DB68164913438B607B6843
:104B80001B6803F00803002B09D0124B9B6823F429
:104B900060427B681B69DB000E4913438B6000F0A9
:104BA00021F802460B4B9B681B0903F00F030A49CF
:104BB000CB5C22FA03F3094A1360094B1B681846C1
:104BC000FDF7D8FC002318461037BD4680BD00BF56
:104BD000003C0240003802405C8E00087400002057
:104BE000780000202DE9B04F94B000AF00237B6423
:104BF0000023FB6400233B640023BB64794B9B6868
:104C000003F00C03082B0DD0082B00F2E180002BE1
:104C100002D0042B03D0DBE0734BBB64DBE0734BAF
:104C2000BB64D8E06F4B5B6803F03F037B646D4B64
:104C30005B6803F48003002B63D06A4B5B689B09BD
:104C40000022BB63FA63BB6BC3F308033B6300231F
:104C50007B63D7E90C4522462B464FF000004FF00E
:104C60000001590141EAD261500102460B4621463A
:104C7000511A3961294663EB01037B614FF0000251
:104C80004FF00003D7E904AB59468B01514643EA84
:104C9000916351468A015146B2EB0108594663EBD4
:104CA00001094FF000024FF000034FEAC90343EA45
:104CB00058734FEAC80290469946234618EB0303FF
:104CC000BB602B4649EB0303FB604FF000024FF043
:104CD0000003D7E9024529464B02214643EAD15356
:104CE00021464A02104619467B6C0022BB62FA62DA
:104CF000D7E90A23FBF758FF02460B461346FB642D
:104D000058E0384B5B689B09002218461146C0F3F7
:104D100008033B6200237B62D7E9088942464B4681
:104D20004FF000004FF00001590141EAD2615001FB
:104D300002460B464146B2EB010A494663EB010BC2
:104D40004FF000024FF000034FEA8B1343EA9A63DF
:104D50004FEA8A12B2EB0A0463EB0B054FF0000234
:104D60004FF00003EB0043EA5473E20014461D4683
:104D70004346E3183B604B4645EB03037B604FF033
:104D800000024FF00003D7E9004529468B02214677
:104D900043EA915321468A02104619467B6C002251
:104DA000BB61FA61D7E90623FBF7FEFE02460B461C
:104DB0001346FB640B4B5B681B0C03F003030133CE
:104DC0005B003B64FA6C3B6CB2FBF3F3BB6402E048
:104DD000054BBB6400BFBB6C18465037BD46BDE8F1
:104DE000B08F00BF003802400024F40000127A00A7
:104DF00080B400AF034B1B681846BD465DF8047BCA
:104E0000704700BF7400002080B500AFFFF7F0FFCF
:104E10000246054B9B689B0A03F007030349CB5CE2
:104E200022FA03F3184680BD003802406C8E000859
:104E300080B582B000AF78607B68002B01D1012380
:104E400041E07B6893F83D30DBB2002B06D17B68F4
:104E5000002283F83C207868FDF766F97B6802221F
:104E600083F83D207B681A687B6804331946104636
:104E700000F000FD7B68012283F846207B68012258
:104E800083F83E207B68012283F83F207B68012263
:104E900083F840207B68012283F841207B6801224F
:104EA00083F842207B68012283F843207B6801223B
:104EB00083F844207B68012283F845207B68012227
:104EC00083F83D20002318460837BD4680BD00000A
:104ED00080B485B000AF78607B6893F83D30DBB27A
:104EE000012B01D001234EE07B68022283F83D2094
:104EF0007B681B68DA687B681B6842F00102DA6035
:104F00007B681B68234A934222D07B681B68B3F1FD
:104F1000804F1DD07B681B681F4A934218D07B6866
:104F20001B681E4A934213D07B681B681C4A93423D
:104F30000ED07B681B681B4A934209D07B681B68B4
:104F4000194A934204D07B681B68184A934211D1D6
:104F50007B681B689B6803F00703FB60FB68062BFC
:104F600010D07B681B681A687B681B6842F00102DE
:104F70001A6007E07B681B681A687B681B6842F050
:104F800001021A60002318461437BD465DF8047B01
:104F9000704700BF000001400004004000080040CE
:104FA000000C004000040140004001400018004097
:104FB00080B483B000AF78607B681B68DA687B6878
:104FC0001B6822F00102DA607B681B681A6A41F2F2
:104FD00011131340002B0FD17B681B681A6A40F233
:104FE00044431340002B07D17B681B681A687B6819
:104FF0001B6822F001021A607B68012283F83D20C1
:10500000002318460C37BD465DF8047B704780B519
:1050100082B000AF78607B68002B01D1012341E0B2
:105020007B6893F83D30DBB2002B06D17B68002211
:1050300083F83C20786800F039F87B68022283F816
:105040003D207B681A687B6804331946104600F0DF
:1050500011FC7B68012283F846207B68012283F8DB
:105060003E207B68012283F83F207B68012283F881
:1050700040207B68012283F841207B68012283F86D
:1050800042207B68012283F843207B68012283F859
:1050900044207B68012283F845207B68012283F845
:1050A0003D20002318460837BD4680BD80B483B03C
:1050B00000AF786000BF0C37BD465DF8047B7047D9
:1050C00080B584B000AF786039603B68002B09D1AF
:1050D0007B6893F83E30DBB2012B14BF0123002321
:1050E000DBB222E03B68042B09D17B6893F83F30A8
:1050F000DBB2012B14BF01230023DBB215E03B68B8
:10510000082B09D17B6893F84030DBB2012B14BF28
:1051100001230023DBB208E07B6893F84130DBB267
:10512000012B14BF01230023DBB2002B01D001238C
:105130007CE03B68002B04D17B68022283F83E2090
:1051400013E03B68042B04D17B68022283F83F20E4
:105150000BE03B68082B04D17B68022283F84020D7
:1051600003E07B68022283F841207B681B680122F0
:105170003968184600F06EFE7B681B682D4A934222
:1051800004D07B681B682C4A934201D1012300E0C4
:105190000023002B07D07B681B685A6C7B681B6858
:1051A00042F400425A647B681B68224A934222D030
:1051B0007B681B68B3F1804F1DD07B681B681F4A5A
:1051C000934218D07B681B681D4A934213D07B68BA
:1051D0001B681C4A93420ED07B681B68164A934298
:1051E00009D07B681B68184A934204D07B681B680F
:1051F000164A934211D17B681B689B6803F0070332
:10520000FB60FB68062B10D07B681B681A687B6804
:105210001B6842F001021A6007E07B681B681A688D
:105220007B681B6842F001021A60002318461037A1
:10523000BD4680BD00000140000401400004004064
:1052400000080040000C00400040014000180040F1
:1052500080B582B000AF786039607B681B6800223F
:105260003968184600F0F6FD7B681B682E4A9342A9
:1052700004D07B681B682D4A934201D1012300E0D2
:105280000023002B17D07B681B681A6A41F21113A8
:105290001340002B0FD17B681B681A6A40F244430D
:1052A0001340002B07D17B681B685A6C7B681B6816
:1052B00022F400425A647B681B681A6A41F2111397
:1052C0001340002B0FD17B681B681A6A40F24443DD
:1052D0001340002B07D17B681B681A687B681B682A
:1052E00022F001021A603B68002B04D17B68012286
:1052F00083F83E2013E03B68042B04D17B68012235
:1053000083F83F200BE03B68082B04D17B68012227
:1053100083F8402003E07B68012283F841200023CA
:1053200018460837BD4680BD00000140000401401A
:1053300080B584B000AF78607B681B68DB68FB6079
:105340007B681B681B69BB60BB6803F00203002B12
:1053500020D0FB6803F00203002B1BD07B681B6886
:105360006FF002021A617B6801221A777B681B6862
:105370009B6903F00303002B03D0786800F05BFA0D
:1053800005E0786800F04DFA786800F05EFA7B6816
:1053900000221A77BB6803F00403002B20D0FB68BF
:1053A00003F00403002B1BD07B681B686FF0040222
:1053B0001A617B6802221A777B681B689B6903F479
:1053C0004073002B03D0786800F035FA05E0786868
:1053D00000F027FA786800F038FA7B6800221A7724
:1053E000BB6803F00803002B20D0FB6803F0080320
:1053F000002B1BD07B681B686FF008021A617B686A
:1054000004221A777B681B68DB6903F00303002B17
:1054100003D0786800F00FFA05E0786800F001FA30
:10542000786800F012FA7B6800221A77BB6803F0F4
:105430001003002B20D0FB6803F01003002B1BD0BF
:105440007B681B686FF010021A617B6808221A776C
:105450007B681B68DB6903F44073002B03D078681A
:1054600000F0E9F905E0786800F0DBF9786800F011
:10547000ECF97B6800221A77BB6803F00103002B6C
:105480000CD0FB6803F00103002B07D07B681B687E
:105490006FF001021A617868FCF7D0F8BB6803F07E
:1054A0008003002B0CD0FB6803F08003002B07D097
:1054B0007B681B686FF080021A61786800F0C8FD95
:1054C000BB6803F04003002B0CD0FB6803F04003E3
:1054D000002B07D07B681B686FF040021A61786868
:1054E00000F0BDF9BB6803F02003002B0CD0FB6873
:1054F00003F02003002B07D07B681B686FF02002AD
:105500001A61786800F09AFD00BF1037BD4680BD73
:1055100080B586B000AFF860B9607A600023FB7593
:10552000FB6893F83C30012B01D10223AEE0FB680D
:10553000012283F83C207B680C2B00F29F8001A2A3
:1055400052F823F0795500087D5600087D56000872
:105550007D560008B95500087D5600087D560008A4
:105560007D560008FB5500087D5600087D56000852
:105570007D5600083B560008FB681B68B968184652
:1055800000F01EFAFB681B689A69FB681B6842F012
:1055900008029A61FB681B689A69FB681B6822F025
:1055A00004029A61FB681B689969BB681A69FB6809
:1055B0001B680A439A6164E0FB681B68B968184677
:1055C00000F06EFAFB681B689A69FB681B6842F47E
:1055D00000629A61FB681B689A69FB681B6822F489
:1055E00080629A61FB681B689969BB681B691A0233
:1055F000FB681B680A439A6143E0FB681B68B96853
:10560000184600F0C3FAFB681B68DA69FB681B6880
:1056100042F00802DA61FB681B68DA69FB681B6804
:1056200022F00402DA61FB681B68D969BB681A6959
:10563000FB681B680A43DA6123E0FB681B68B968F2
:10564000184600F017FBFB681B68DA69FB681B68EB
:1056500042F40062DA61FB681B68DA69FB681B6868
:1056600022F48062DA61FB681B68D969BB681B6938
:105670001A02FB681B680A43DA6102E00123FB752A
:1056800000BFFB68002283F83C20FB7D18461837DA
:10569000BD4680BD80B584B000AF7860396000231E
:1056A000FB737B6893F83C30012B01D10223B4E0FB
:1056B0007B68012283F83C207B68022283F83D202E
:1056C0007B681B689B68BB60BB6823F07703BB608B
:1056D000BB6823F47F43BB607B681B68BA689A6031
:1056E0003B681B68B3F5005F3ED0B3F5005F00F286
:1056F0008780B3F5805F00F08680B3F5805F7FD848
:10570000702B1AD0702B7BD8602B50D0602B77D8A1
:10571000502B3CD0502B73D8402B58D0402B6FD8F7
:10572000302B64D0302B6BD8202B60D0202B67D847
:10573000002B5CD0102B5AD062E07B6818683B6865
:1057400099683B685A683B68DB6800F063FB7B68DC
:105750001B689B68BB60BB6843F07703BB607B68DA
:105760001B68BA689A604FE07B6818683B68996864
:105770003B685A683B68DB6800F04CFB7B681B6841
:105780009A687B681B6842F480429A603CE07B68C0
:1057900018683B6859683B68DB681A4600F0C0FA35
:1057A0007B681B685021184600F019FB2CE07B68D1
:1057B00018683B6859683B68DB681A4600F0DFFAF6
:1057C0007B681B686021184600F009FB1CE07B68C1
:1057D00018683B6859683B68DB681A4600F0A0FA15
:1057E0007B681B684021184600F0F9FA0CE07B68E2
:1057F0001A683B681B681946104600F0F0FA03E08F
:105800000123FB7300E000BF7B68012283F83D2089
:105810007B68002283F83C20FB7B18461037BD468E
:1058200080BD80B483B000AF786000BF0C37BD4648
:105830005DF8047B704780B483B000AF786000BF30
:105840000C37BD465DF8047B704780B483B000AF71
:10585000786000BF0C37BD465DF8047B704780B4AC
:1058600083B000AF786000BF0C37BD465DF8047BA5
:105870007047000080B485B000AF786039607B6805
:105880001B68FB607B68434A934213D07B68B3F18B
:10589000804F0FD07B68404A93420BD07B683F4AD1
:1058A000934207D07B683E4A934203D07B683D4ACF
:1058B000934208D1FB6823F07003FB603B685B6890
:1058C000FA681343FB607B68324A93422BD07B68B3
:1058D000B3F1804F27D07B682F4A934223D07B6857
:1058E0002E4A93421FD07B682D4A93421BD07B687F
:1058F0002C4A934217D07B682B4A934213D07B6883
:105900002A4A93420FD07B68294A93420BD07B6886
:10591000284A934207D07B68274A934203D07B688A
:10592000264A934208D1FB6823F44073FB603B682E
:10593000DB68FA681343FB60FB6823F080023B6876
:105940005B691343FB603B689A687B68DA623B687B
:105950001A687B689A627B680E4A934203D07B6820
:10596000104A934203D13B681A697B681A637B68CB
:105970001B6843F004027B681A607B6801225A614D
:105980007B68FA681A6000BF1437BD465DF8047B77
:10599000704700BF000001400004004000080040C4
:1059A000000C004000040140004001400044014060
:1059B0000048014000180040001C0040002000404A
:1059C00080B487B000AF786039607B681B6A7B6108
:1059D0007B681B6A23F001027B681A627B685B6844
:1059E0003B617B689B69FB60FB6823F07003FB6095
:1059F000FB6823F00303FB603B681B68FA681343F2
:105A0000FB607B6923F002037B613B689B687A69DA
:105A100013437B617B68204A934203D07B681F4A13
:105A200093420CD17B6923F008037B613B68DB6800
:105A30007A6913437B617B6923F004037B617B6894
:105A4000154A934203D07B68144A934211D13B69B3
:105A500023F480733B613B6923F400733B613B6833
:105A60005B693A6913433B613B689B693A6913433D
:105A70003B617B683A695A607B68FA689A613B6867
:105A80005A687B685A637B687A691A6200BF1C3760
:105A9000BD465DF8047B70470000014000040140F2
:105AA00080B487B000AF786039607B681B6A7B6127
:105AB0007B681B6A23F010027B681A627B685B6854
:105AC0003B617B689B69FB60FB6823F4E043FB6000
:105AD000FB6823F44073FB603B681B681B02FA6899
:105AE0001343FB607B6923F020037B613B689B6869
:105AF0001B017A6913437B617B68224A934203D07E
:105B00007B68214A93420DD17B6923F080037B613E
:105B10003B68DB681B017A6913437B617B6923F077
:105B200040037B617B68174A934203D07B68164A27
:105B3000934213D13B6923F480633B613B6923F4B7
:105B400000633B613B685B699B003A6913433B61BF
:105B50003B689B699B003A6913433B617B683A69E8
:105B60005A607B68FA689A613B685A687B689A63F6
:105B70007B687A691A6200BF1C37BD465DF8047BFA
:105B8000704700BF000001400004014080B487B0AE
:105B900000AF786039607B681B6A7B617B681B6A39
:105BA00023F480727B681A627B685B683B617B6868
:105BB000DB69FB60FB6823F07003FB60FB6823F08C
:105BC0000303FB603B681B68FA681343FB607B6957
:105BD00023F400737B613B689B681B027A69134363
:105BE0007B617B68214A934203D07B68204A9342C1
:105BF0000DD17B6923F400637B613B68DB681B028A
:105C00007A6913437B617B6923F480637B617B68E2
:105C1000164A934203D07B68154A934213D13B69DD
:105C200023F480533B613B6923F400533B613B68A1
:105C30005B691B013A6913433B613B689B691B012C
:105C40003A6913433B617B683A695A607B68FA683A
:105C5000DA613B685A687B68DA637B687A691A6242
:105C600000BF1C37BD465DF8047B70470000014053
:105C70000004014080B487B000AF786039607B6871
:105C80001B6A3B617B681B6A23F480527B681A6243
:105C90007B685B687B617B68DB69FB60FB6823F486
:105CA000E043FB60FB6823F44073FB603B681B68C8
:105CB0001B02FA681343FB603B6923F400533B610A
:105CC0003B689B681B033A6913433B617B68124A3C
:105CD000934203D07B68114A934209D17B6923F434
:105CE00080437B613B685B699B017A6913437B61FD
:105CF0007B687A695A607B68FA68DA613B685A683F
:105D00007B681A647B683A691A6200BF1C37BD461B
:105D10005DF8047B704700BF0000014000040140B3
:105D200080B487B000AFF860B9607A60FB681B6A26
:105D30007B61FB681B6A23F00102FB681A62FB6847
:105D40009B693B613B6923F0F0033B617B681B016E
:105D50003A6913433B617B6923F00A037B617A69EB
:105D6000BB6813437B61FB683A699A61FB687A6997
:105D70001A6200BF1C37BD465DF8047B704780B4D3
:105D800087B000AFF860B9607A60FB681B6A7B611E
:105D9000FB681B6A23F01002FB681A62FB689B69B0
:105DA0003B613B6923F470433B617B681B033A69A9
:105DB00013433B617B6923F0A0037B61BB681B013C
:105DC0007A6913437B61FB683A699A61FB687A6977
:105DD0001A6200BF1C37BD465DF8047B704780B473
:105DE00085B000AF786039607B689B68FB60FB68BA
:105DF00023F07003FB603A68FB68134343F007032A
:105E0000FB607B68FA689A6000BF1437BD465DF896
:105E1000047B704780B487B000AFF860B9607A60E7
:105E20003B60FB689B687B617B6923F47F437B61FC
:105E30003B681A027B681A43BB6813437A691343B1
:105E40007B61FB687A699A6000BF1C37BD465DF8CC
:105E5000047B704780B487B000AFF860B9607A60A7
:105E6000BB6803F01F03012202FA03F37B61FB68A6
:105E70001A6A7B69DB431A40FB681A62FB681A6A7C
:105E8000BB6803F01F03796801FA03F31A43FB6848
:105E90001A6200BF1C37BD465DF8047B70470000E6
:105EA00080B485B000AF786039607B6893F83C308F
:105EB000012B01D102235AE07B68012283F83C20A8
:105EC0007B68022283F83D207B681B685B68FB606F
:105ED0007B681B689B68BB60FB6823F07003FB60FA
:105EE0003B681B68FA681343FB607B681B68FA68B1
:105EF0005A607B681B68214A934222D07B681B68EA
:105F0000B3F1804F1DD07B681B681D4A934218D0A7
:105F10007B681B681B4A934213D07B681B681A4A34
:105F200093420ED07B681B68184A934209D07B6865
:105F30001B68174A934204D07B681B68154A93423A
:105F40000CD1BB6823F08003BB603B685B68BA6818
:105F50001343BB607B681B68BA689A607B68012248
:105F600083F83D207B68002283F83C2000231846FC
:105F70001437BD465DF8047B704700BF0000014048
:105F80000004004000080040000C004000040140F4
:105F9000004001400018004080B485B000AF786038
:105FA00039600023FB607B6893F83C30012B01D102
:105FB00002233DE07B68012283F83C20FB6823F04C
:105FC000FF023B68DB681343FB60FB6823F440720D
:105FD0003B689B681343FB60FB6823F480623B686B
:105FE0005B681343FB60FB6823F400623B681B683B
:105FF0001343FB60FB6823F480523B681B69134327
:10600000FB60FB6823F400523B685B691343FB6051
:10601000FB6823F480423B68DB691343FB607B68C9
:106020001B68FA685A647B68002283F83C200023CE
:1060300018461437BD465DF8047B704780B483B0C2
:1060400000AF786000BF0C37BD465DF8047B704739
:1060500080B483B000AF786000BF0C37BD465DF8F8
:10606000047B70472DE9FF4757EC106B002F0C465F
:1060700019463B46BBBF07F100431F4600232D23B3
:106080000B700D9BDDF830A0914623F02008BCBFBB
:1060900032461646B8F1460F05D0B8F1450F00D18B
:1060A0000134022100E0032103AB019302AB009312
:1060B00047EC106B5346224600F082FEB8F1470FC2
:1060C000054619D119F0010F0ED000EB040900228A
:1060D000002330463946FAF7F7FC08B1CDF80C90AA
:1060E0003022039B4B451ED3039B0E9A5B1B284615
:1060F000136004B0BDE8F087B8F1460F00EB040967
:10610000E5D10378302B0AD10022002330463946EE
:10611000FAF7DAFC18B9C4F10104CAF80040DAF859
:1061200000309944D3E7591C03911A70D9E7F7B5A9
:106130000029BABF49422D232B230929027043703D
:1061400029DD0DF107031D460A271A46B1FBF7F6B4
:1061500007FB1614303402F8014C0C46632C03F193
:10616000FF333146F1DC3031941E03F8011C411C31
:106170002346AB420AD30DF109039B1AAC4288BFF8
:10618000002302330344181A03B0F0BD13F8016B67
:1061900001F8016FEDE7302330318370C170031DCA
:1061A000F1E700002DE9F04F8DB00C46DDF8588086
:1061B00016461F46054600F001FD03680493184685
:1061C000FAF756F800230A93D8F800300590073301
:1061D00023F0070303F1080294F818A0D4F800B0E4
:1061E000C8F80020D3E9008929F000430793CDF8CF
:1061F0001880C4E91289DDE906019C4B4FF0FF329B
:10620000FAF794FC70BBDDE90601984B4FF0FF32C2
:10621000FAF76EFC30BB0022002340464946FAF7ED
:106220005DFC10B12D2384F84330914A914BBAF1B3
:10623000470F8CBF90469846032323612BF004033D
:1062400023604FF00009009733460BAA21462846E9
:1062500000F0D2F9013040F08D804FF0FF300DB0EA
:10626000BDE8F08F42464B4640464946FAF75EFC91
:1062700040B14B46002BBCBF2D2384F843307E4AEF
:106280007E4BD4E763680AF0DF0206925A1C3BD1CA
:10629000062363604BF480620023226003930AAB01
:1062A000CDE901A309AB0093616849EC108B0DF1B6
:1062B00023032846FFF7D6FE069B0999472B804605
:1062C00029D1C81C02DB6368994241DDAAF1020AA8
:1062D0005FFA8AFA0139524604F150000991FFF73A
:1062E00026FF0A9A1318012A8146236102DC2268DC
:1062F000D20701D5013323619DF82330002BA2D0B2
:106300002D2384F843309EE7069A472AC2D1002BFA
:10631000C0D10123BDE7BAF1650FDBD9BAF1660F31
:1063200018D1002963680BDD216113B92268D007F9
:1063300002D501330B442361A1654FF00009DBE76F
:1063400013B92268D20701D50233F4E70123F2E73B
:106350004FF0670A0A9B994205DB23682161D80741
:10636000EAD54B1CE7E70029D4BFC1F102020122A4
:106370001344E0E723685A0507D4236942463146AF
:106380002846B84701302BD167E7BAF1650F40F2D4
:10639000DD80D4E9120100220023FAF795FB0028E2
:1063A00033D0374A012331462846B84701303FF4FD
:1063B00054AFDDE90938434502DB2368D8070FD520
:1063C000DDE9042331462846B84701303FF445AFA4
:1063D0004FF0000908F1FF3804F11A0AC84509DC3A
:1063E00023689B0700F10381E0680B9B9842B8BFCC
:1063F000184634E70123524631462846B847013053
:106400003FF42BAF09F10109E8E7099B002B39DCC8
:106410001B4A012331462846B84701303FF41DAFDF
:10642000DDE9093959EA030302D12368D907D7D531
:10643000DDE9042331462846B84701303FF40DAF6B
:106440004FF0000A04F11A0B099B5B42534501DC33
:106450004B4693E701235A4631462846B847013058
:106460003FF4FBAE0AF1010AEEE700BFFFFFEF7F4A
:10647000808E00087C8E0008888E0008848E0008BC
:106480008C8E0008A36DDDF828A05345A8BF5346A5
:10649000002B994636DC4FF0000B29EAE97904F12C
:1064A0001A02A36D0693A3EB09035B4531DC099B3C
:1064B0009A453ADC2368DA0737D4099BAAEB03092B
:1064C000069BAAEB03039945A8BF9946B9F1000FB3
:1064D00033DC4FF0000829EAE97904F11A0B099B33
:1064E000AAEB0303A3EB090343457FF779AF01232D
:1064F0005A4631462846B84701303FF4AEAE08F15F
:106500000108ECE7424631462846B8470130C2D17F
:10651000A3E60123314628460692B84701303FF4EE
:106520009CAE069A0BF1010BBBE7DDE90423314673
:106530002846B8470130C0D18FE6069A4B46424400
:1065400031462846B8470130C3D186E6DDF828A099
:10655000BAF1010F01DCDB0736D501234246314693
:106560002846B84701303FF478AEDDE904233146D0
:106570002846B84701303FF470AED4E9120100223A
:1065800000230AF1FF3AFAF79FFAC0B9534608F11F
:10659000010231462846B84701300CD15DE601239F
:1065A0005A4631462846B84701303FF456AE08F106
:1065B0000108D045F3DB4B4604F15002DFE64FF013
:1065C000000804F11A0BF4E701234246E1E7012336
:1065D0004A4631462846B84701303FF43EAE08F1FE
:1065E0000108E3680B995B1A4345F0DCFCE64FF0C9
:1065F000000804F11909F4E72DE9F047164698461A
:106600008A680B69DDF820909342B8BF1346336067
:1066100091F8432007460C460AB1013333602368E2
:10662000990642BF336802333360256815F00605CA
:1066300006D104F1190AE36832689B1AAB4226DCE2
:1066400094F843302268003B18BF012392062BD4F4
:1066500004F1430241463846C84701301ED0236842
:10666000226903F00603042B02BFE5683368ED1AC4
:10667000A3680CBF25EAE57500259342C4BF9B1AA9
:10668000ED1800261A34B5421AD1002008E0012383
:10669000524641463846C847013003D14FF0FF30DB
:1066A000BDE8F0870135C6E7E1185A1C302081F8B3
:1066B0004300224494F8451082F843100233C7E7A0
:1066C0000123224641463846C8470130E6D001360C
:1066D000D9E700002DE9FF470F7E0C9E782F9146E9
:1066E00080460C469A4601F1430207D8622F0AD829
:1066F000002F00F0D180582F00F0B88004F142063E
:1067000084F842703AE0A7F16303152BF6D801A193
:1067100051F823F06D67000881670008FD660008E6
:10672000FD660008FD660008FD6600088167000838
:10673000FD660008FD660008FD660008FD660008AD
:106740007F680008AB67000839680008FD6600082C
:10675000FD660008A1680008FD660008AB67000838
:10676000FD660008FD6600084168000833681A1DD0
:106770001B68326004F1420684F8423001239CE039
:1067800033682068191D3160060601D51D6803E0D5
:106790004506FBD5B3F90050002D03DA2D236D42D9
:1067A00084F8433058480A2311E02168336808060A
:1067B00053F8045B02D4490648BFADB26F2F52486C
:1067C000336014BF0A230823002184F8431066684D
:1067D000A660002E05DB21682E4321F00401216014
:1067E0004BD01646B5FBF3F103FB1157C75D06F816
:1067F000017D2F46BB420D46F4D9082B0BD12368EF
:10680000DF0708D5236961689942DEBF302306F8A7
:10681000013C06F1FF36921B2261CDF800A04B46E9
:1068200003AA21464046FFF7E7FE01304AD14FF068
:10683000FF3004B0BDE8F087236843F020032360F5
:106840003248782784F84570236831681F0651F86C
:10685000045B02D45F0648BFADB23160D90744BFC4
:1068600043F0200323601DB11023ADE72648E9E77C
:10687000236823F020032360F6E71646BDE733685C
:1068800025686169181D30602E061B6801D51960E6
:1068900002E06806FBD51980002323611646BCE799
:1068A00033681A1D32601E68626800213046F9F7AD
:1068B0008FFC08B1801B606063682361002384F84B
:1068C0004330AAE72369324649464046D047013063
:1068D000ADD023689B0713D4E068039B9842B8BFF0
:1068E0001846A6E70123324649464046D0470130C4
:1068F0009DD00135E36803995B1AAB42F2DCEBE70C
:10690000002504F11906F5E78E8E00089F8E000819
:10691000002310B50446C0E90033C0E904338360A6
:1069200081814366C2818361194608225C3000F090
:106930002AF90D4B63620D4BA3620D4BE3620D4BC5
:1069400023630D4B24629C4206D003F168029442FB
:1069500002D0D0339C4205D104F15800BDE810406C
:1069600000F0A0B910BD00BF016B0008236B000848
:106970005B6B00087F6B0008AC040020024A0349EF
:10698000034800F069B800BF800000200D860008B1
:106990009000002041680C4B994210B5044601D08C
:1069A00001F034FEA168094B994202D0204601F063
:1069B0002DFEE168064B994204D02046BDE8104008
:1069C00001F024BE10BD00BFAC040020140500205F
:1069D0007C05002010B50B4B0B4C0C4A1A6020466E
:1069E00000220421FFF794FF04F16800012209212D
:1069F000FFF78EFF04F1D0000222BDE81040122103
:106A0000FFF786BFE4050020AC0400207D69000884
:106A1000014800F048B900BFED050020014800F032
:106A200043B900BFED05002010B50446FFF7F0FFA5
:106A3000236A1BB1BDE81040FFF7F0BF044B23628F
:106A4000044B1B68002BF5D1FFF7C4FFF2E700BF32
:106A500095690008E40500202DE9F84307468846BB
:106A600014460026D4E90195B9F1010905D5246839
:106A7000002CF7D13046BDE8F883AB89012B07D94C
:106A8000B5F90E30013303D029463846C0470643D6
:106A90006835E9E70CB430B5184B0C1E1D689DB085
:106AA00008DA8B232B604FF0FF301DB0BDE830407B
:106AB00002B070474FF40273ADF814304FF000038A
:106AC0001B9314BF04F1FF332346049307934FF63F
:106AD000FF7302900690ADF81630209A21AB02A900
:106AE0002846019301F012FC431CBCBF8B232B6092
:106AF000002CDAD0029B00221A70D6E78C0000200E
:106B000010B50C46B1F90E1000F07EF80028ABBFAE
:106B1000636DA3891B1823F48053ACBF6365A38105
:106B200010BD2DE9F0411F468B89DB0505460C465B
:106B3000164605D5B1F90E100223002200F052F8D6
:106B4000A389B4F90E1023F48053A38132463B4647
:106B50002846BDE8F04100F069B810B50C46B1F91F
:106B60000E1000F03FF8431CA38915BF606523F4A5
:106B7000805343F48053A38118BFA38110BDB1F9A2
:106B80000E1000F01FB802440346934200D1704734
:106B900003F8011BF9E710B50139034632B111F8CA
:106BA000014F03F8014B013A002CF7D11A440021A0
:106BB000934200D110BD03F8011BF9E7004870476C
:106BC000CC01002038B5064D0023044608462B6052
:106BD000FBF708FC431C02D12B6803B1236038BDCE
:106BE000E805002038B5074D044608461146002246
:106BF0002A601A46FBF71DFC431C02D12B6803B127
:106C0000236038BDE805002038B5074D0446084626
:106C1000114600222A601A46FBF7ABFB431C02D147
:106C20002B6803B1236038BDE805002038B5074D57
:106C300004460846114600222A601A46FBF7B6FBB6
:106C4000431C02D12B6803B1236038BDE805002046
:106C5000014B1868704700BF8C00002070B50D4DC7
:106C60000D4C641BA4100026A64209D10B4D0C4C00
:106C700002F06AF8641BA4100026A64205D170BD7C
:106C800055F8043B98470136EEE755F8043B984722
:106C90000136F2E7FC910008FC910008FC91000825
:106CA000009200087047704770472DE9F74F03695D
:106CB0000C69A34207467EDB013C01F11408A300E6
:106CC00000F11405009305EB8403019358F8243078
:106CD00055F8242001339A4208EB8409B2FBF3F6FD
:106CE0002ED34FF0000AC446AE46D3465CF8043BB0
:106CF00098B206FB00A0020C1B0C06FB0323DEF877
:106D0000002080B292B2121A5A44DEF800004FEA14
:106D1000134A9BB2C3EB224303EB104392B242EA05
:106D20000342E1454EF8042B4FEA234BDED2009B91
:106D3000EB582BB9019B043B9D421A462FD33C6173
:106D4000384601F07FF9002825DB2946002058F855
:106D5000042BD1F800C01FFA82FE1FFA8CF3A3EBBC
:106D60000E030344120CC2EB234202EB1C429BB203
:106D700043EA0243C14541F8043B4FEA2240E6D2D0
:106D800055F8242005EB840322B9043B9D421A46A2
:106D90000BD33C610136304603B0BDE8F08F12687A
:106DA000043B002ACBD1013CC6E71268043B002A11
:106DB000EFD1013CEAE70020EEE700000000000010
:106DC0002DE9F04FC76997B08DED040B55EC104BD2
:106DD000209E079181460C9211937FB9102000F0FC
:106DE00009FE0246C9F81C0020B9A94BEF21A948A9
:106DF00001F06CFCC0E901770760C760D9F81C306E
:106E0000196859B15A684A60012393408B6048461B
:106E100000F0E6FED9F81C3000221A602B1EB9BF24
:106E200023F00043059300233360059F9A4BBCBFBA
:106E300001223260BB4312D1119A42F20F731360E8
:106E4000C7F31303234300F05A85219BDFF85CA2AC
:106E5000002B00F05C850AF1030300F056BD9DEDA8
:106E6000047B002251EC170B00238DED0A7BF9F710
:106E70002BFE804658B1119A01231360219B13B158
:106E8000219A864B1360DFF828A200F040BD9DEDEB
:106E90000A0B14AA15A9484601F084F9C7F30A564B
:106EA0000290002E78D00B9BCDF84880C3F31303DB
:106EB000DDE90A0143F07F5343F44013A6F2FF36A5
:106EC00019460022764BF9F7DFF96BA3D3E90023CB
:106ED000F9F792FB6AA3D3E90023F9F7D7F904463F
:106EE00030460D46F9F71EFB67A3D3E90023F9F7F7
:106EF00083FB02460B4620462946F9F7C7F90446AC
:106F00000D46F9F729FE00220746002320462946B0
:106F1000F9F7E4FD40B13846F9F704FB22462B4669
:106F2000F9F7D2FD00B9013F162F52D85D4B03EBA4
:106F3000C703D3E90023DDE90A01F9F7CFFD0028F3
:106F400049D0013F00231093149B9B1B5A1E45BF41
:106F5000C3F10103009300230023069254BF009362
:106F60000693002F39DB069B0D973B4406930023C5
:106F70000893079B092B63D8052BC4BF043B0793D9
:106F8000079BA3F10203CCBF00240124032B63D889
:106F9000DFE803F05254372BDDE914631E4406F298
:106FA0003243202BC1BFC3F140039F4006F212437E
:106FB00024FA03F3D6BFC3F1200347EA030004FA1F
:106FC00003F0F9F79FFA0122A1F1F873013E129242
:106FD00076E70123B7E71090B6E7009BDB1B009331
:106FE0007B42089300230D93C3E7012309930C9B75
:106FF00007EB030B0BF10103012B0393B8BF012334
:1070000006E0012309930C9B002B28DD9B4603938C
:10701000D9F81C000021042202F114059D4226D952
:107020004160484600F09CFD8246002842D11E4B3C
:10703000024640F2AF11DAE60023E3E70023D5E78A
:1070400001240023079309944FF0FF3B0022CDF861
:107050000CB012230C92DBE701230993F4E74FF005
:10706000010BCDF80CB05B46CDF830B0D0E7013164
:107070005200D1E7AFF3008061436F63A787D23F2F
:10708000B3C8608B288AC63FFB799F501344D33F17
:10709000BD8E0008D48E00080000F07F8D8E0008A1
:1070A0000000F83F289000082C8F0008B98E0008D7
:1070B0008C8E0008D9F81C301860039B0E2B00F250
:1070C000A180002C00F09E80002F33DD9C4B07F048
:1070D0000F0203EBC20393ED007BF8058DED0E7BF1
:1070E0004FEA271416D5974BDDE90A01D3E90823A7
:1070F000F9F7ACFBCDE9040104F00F040326914D30
:1071000054B9DDE90E23DDE90401F9F79FFBCDE970
:10711000040128E00226F2E7E10708D5DDE90E01C7
:10712000D5E90023F9F768FACDE90E0101366410BC
:107130000835E5E700F0AF807C42814B814D04F0DB
:107140000F0203EBC203D3E90023DDE90A01F9F7DB
:1071500053FACDE90401241100230226002C40F04B
:107160008F80002BD3D1109BDDE90445002B00F06C
:107170009480754B002220462946F9F7AFFC002881
:1071800000F08B80039B002B00F08780BBF1000F89
:1071900034DD20466D4B00222946F9F72DFACDE962
:1071A000040107F1FF3801365C463046F9F7BAF9B9
:1071B000DDE90423F9F720FA654B0022F9F766F8B8
:1071C0000546A1F15076002C6AD1DDE90401614B3E
:1071D0000022F9F759F802460B46CDE904232A4666
:1071E0003346F9F799FC002840F09882DDE9040164
:1071F0002A4606F10043F9F771FC38BBDDE90A3491
:10720000CDE90434159B002BC0F257810E2F00F3FB
:1072100054814B4B03EBC70393ED007B0C9B002B7E
:107220008DED007B80F2E580039B002B00F3E18075
:107230000CD1484B002251EC170BF9F7DDF9DDE9D1
:107240000423F9F75FFC002800F06682002425463D
:107250000C9B56466FEA030800272146484600F07B
:10726000BFFC002D00F0BD802FB1AF4203D03946E6
:10727000484600F0B5FC2946484600F0B1FCB0E0B5
:10728000E20705D5D5E90023F9F7B6F90136012360
:107290006410083562E7022665E7039CB84684E778
:1072A000274B099903EBC40353E9022354440029F3
:1072B00054D029490020F9F7C9FA33462A46F8F78D
:1072C000E3FFCDE90E015646DDE90401F9F744FC80
:1072D0000546F9F727F902460B46DDE90401F8F700
:1072E000D3FF303502460B46CDE9042306F8015B97
:1072F000DDE90E23F9F7F2FB002872D1DDE9042362
:1073000011490020F8F7C0FFDDE90E23F9F7E6FB8D
:10731000002840F0B480A6423FF470AFDDE90E01D2
:107320000A4B0022F9F768F9084BCDE90E0100225B
:10733000DDE90401F9F760F9CDE90401C4E700BF14
:1073400028900008009000080000F03F0000244052
:1073500000001C40000014400000E03F3146284679
:10736000F9F74AF9CDE90E0113945646DDE9040117
:10737000F9F7F2FB0546F9F7D5F802460B46DDE9C9
:107380000401F8F781FF303506F8015B02460B4631
:10739000A642CDE904234FF0000224D1AF4BDDE932
:1073A0000E01F8F773FF02460B46DDE90401F9F719
:1073B000B3FB002863D1DDE90E23A8490020F8F7CC
:1073C00063FF02460B46DDE90401F9F787FB00285D
:1073D0003FF414AF139E731E139316F8013C302B29
:1073E000F8D047463BE09E4BF9F706F9CDE904019A
:1073F000BCE7DDE904455646DDE900232046294681
:10740000F9F724FAF9F7A8FB8046F9F78BF8DDE9DC
:107410000023F9F7F1F802460B462046294608F109
:107420003004F8F731FF06F8014B039DA6EB0A0480
:10743000A54202460B4633D1F8F728FFDDE90023C9
:1074400004460D46F9F768FBC0B9DDE90023204684
:107450002946F9F739FB10B118F0010F0ED1029946
:10746000484600F0BDFB00233370119B01371F60BD
:10747000219B002B00F04B821E6048E2B846334649
:107480001E4613F8012D392A06D19A45F8D130222B
:1074900008F101088AF800201A7801321A70A0E772
:1074A0006F4B0022F9F7A8F80022002304460D468E
:1074B000F9F70AFB00289FD0D1E7099A002A00F0CB
:1074C000EA80079A012A00F3CD80129A002A00F080
:1074D000C18003F23343089C009E009A1A44009234
:1074E000069A01211A444846069200F02DFC0546F2
:1074F00066B1069B002B09DDB342009AA8BF334654
:10750000D21A0092069AF61AD31A0693089B0BB366
:10751000099B002B00F0C680002C00F0C08029469B
:107520002246484600F0C8FC029A014605464846F5
:1075300000F020FC02998046484600F051FB089B71
:107540001B1B089300F0B180089A4146484600F0A2
:10755000B3FC02900121484600F0F6FB0D9B044667
:10756000002B00F0D8811A460146484600F0A4FCE2
:10757000079B012B044600F39F80049B002B40F0E7
:107580009780059BC3F31303002B40F09380059B6A
:1075900023F000431B0D1B0533B1009B0133009307
:1075A000069B01330693012308930D9B002B00F0EB
:1075B000B881236904EB8303186900F079FBC0F1FB
:1075C0002000069B184410F01F0000F08280C0F1DC
:1075D0002003042B73DD009BC0F11C0003440093C7
:1075E000069B034406440693009B002B05DD02998D
:1075F0001A46484600F0BAFC0290069B002B05DDB7
:1076000021461A46484600F0B1FC0446109B002B68
:1076100061D00298214600F015FD00285BDA0023B6
:1076200002990A22484600F0FDFA099B029007F1F0
:10763000FF38002B00F07781294600230A224846B4
:1076400000F0F0FABBF1000F05466FDC079B022B40
:1076500049DC6BE0149BC3F136033CE70000E03FDC
:1076600000002440039B5C1E089BA34209DB1C1BFB
:10767000039B002BBFF630AF009B039A9E1A00239A
:107680002BE7089B0D9A0894E31A1A44009E039B6B
:107690000D92002421E7089C009E099D28E7DDF853
:1076A000088051E7089A029950E7CDF8088051E721
:1076B000002379E7049B77E70023089379E793D0C9
:1076C000009A1C331A440092069A1A441E440692E9
:1076D0008AE70346F4E7039B002BB84620DC9B4671
:1076E000079B022B1EDDBBF1000F7FF4B1AD2146DD
:1076F0005B460522484600F095FA0146044602988A
:1077000000F0A0FC00287FF7A3AD5646312306F811
:10771000013B08F101089FE5039CB8462546F4E7C4
:10772000DDF80CB0099B002B00F00181002E05DD77
:1077300029463246484600F019FC0546089B002BB6
:107740005CD06968484600F00BFA064628B9824BBF
:10775000024640F2EF21FFF74ABB2A69023292004B
:1077600005F10C010C3000F0A3FF01223146484620
:1077700000F0FCFB0AF1010300930AEB0B030893F2
:10778000049B03F001032F4606930546009B0298D5
:10779000214603F1FF3BFFF788FA0346303303909D
:1077A00039460298099300F04DFC2A460490214680
:1077B000484600F063FCC268099B064602BB0146CE
:1077C000029800F03FFC099B0246314648460C9265
:1077D000099300F005FA079B0C9A009E42EA030108
:1077E000069B1943099B0DD1392B27D0049A002AF7
:1077F00001DD039B31338BF800302EE52846B9E7D5
:107800000122E2E70499002904DB07980143069866
:10781000014320D1002AEEDD02990093012248465F
:1078200000F0A4FB2146029000F00CFC0028009B15
:1078300002DCE0D1DA07DED5392BDAD139238BF837
:10784000003033461E46013B16F8012C392A4ED033
:1078500001321A7001E5002A03DD392BEED0013325
:10786000C9E7009A089902F8013C8A4228D0029997
:1078700000230A22484600F0D5F9AF4202904FF0AB
:1078800000034FF00A023946484607D100F0CAF912
:1078900007460546009B0133009377E700F0C2F9E5
:1078A0002946074600230A22484600F0BBF9054650
:1078B000F0E7BBF1000FCCBF5E460126564400271F
:1078C000029900930122484600F050FB21460290A5
:1078D00000F0B8FB0028B4DC02D1009BDB07B0D479
:1078E00033461E4613F8012D302AFAD0B5E49A45E6
:1078F000A8D1312308F101088AF80030ADE4219BBA
:10790000DFF858A01BB10AF10803219A1360504612
:1079100017B0BDE8F08F079B012B7FF72EAE0D9BB4
:10792000089301204DE6BBF1000F7FF7D9AE564614
:1079300002982146FFF7B9F900F1300306F8013B40
:10794000A6EB0A029345B4DD029900230A224846B9
:1079500000F068F90290EBE72C8F0008B08E000869
:1079600038B50546002941D051F8043C0C1F002BC6
:10797000B8BFE41800F0E8F81D4A136833B9636033
:1079800014602846BDE8384000F0E4B8A34208D9A6
:10799000206821188B4201BF19685B6809182160B3
:1079A000EDE71A465B680BB1A342FAD9116850188B
:1079B000A0420BD120680144501883421160E0D1ED
:1079C00018685B68536008441060DAE702D90C233A
:1079D0002B60D6E7206821188B4204BF19685B68CA
:1079E000636004BF091821605460CAE738BD00BF56
:1079F000F4050020024B0146186800F025B800BFCE
:107A00008C00002070B50F4E0C463168054611B948
:107A100000F03EFE30602146284600F039FE431C4F
:107A200003D14FF0FF34204670BDC41C24F0030482
:107A3000A042F8D0211A284600F02AFE0130F2D1E7
:107A4000EFE700BFF00500202DE9F843CD1C25F03D
:107A5000030508350C2D38BF0C25002D064601DB2B
:107A6000A94204D90C2333600020BDE8F883DFF875
:107A7000D48000F069F8D8F800301C4644BB294691
:107A80003046FFF7BFFF431C044658D1D8F80040EA
:107A90002746002F43D1002C4BD02368394630466F
:107AA00004EB030900F0F4FD814542D121686D1A11
:107AB00029463046FFF7A6FF01303AD023682B4411
:107AC0002360D8F800305A6862BBC8F800700FE035
:107AD0002268521B20D40B2A17D96119A3422560B2
:107AE00018BF5960636808BFC8F8001062514B6046
:107AF000304600F02FF804F10B00231D20F00700A2
:107B0000C21A1CBF1B1AA350AFE76268A3420CBF86
:107B1000C8F800205A60EBE723466468AEE73C46AD
:107B20007F68B6E71A465B68A342FBD10023536027
:107B3000DEE70C233360304600F00CF894E7056074
:107B4000D6E700BFF40500200148FFF7ACB800BF3E
:107B5000EC0500200148FFF7A7B800BFEC050020A6
:107B600070B5C66904460D4676B91020FFF742FF8E
:107B70000246E06120B9184B18486B2100F0A6FDC1
:107B8000C0E901660660C660E669F36883B1E3692F
:107B9000DB6853F82500B8B9012101FA05F6721D1A
:107BA0009200204600F0B0FD60B1C0E901560EE041
:107BB00021220421204600F0A7FDE369F060DB6884
:107BC000002BE4D1002070BD026843F8252000237B
:107BD000C0E90333F7E700BFBD8E00083D8F000802
:107BE00070B5C66905460C4676B91020FFF702FF4E
:107BF0000246E86120B9094B09488F2100F066FD73
:107C0000C0E901660660C6603CB1EB696268DB688A
:107C100053F82210216043F8224070BDBD8E000849
:107C20003D8F00082DE9F0410D6907460C461E46C0
:107C300001F1140C0020DCF8003099B202FB016164
:107C40001E0C0B0C02FB063389B2013001EB034121
:107C500085424CF8041B4FEA1346ECDC0EB3A368D4
:107C6000AB4219DC616838460131FFF779FF804685
:107C700028B902460C4B0D48BA2100F027FD2269B5
:107C8000023204F10C0192000C3000F011FD21468B
:107C90003846FFF7A5FF444604EB850301355E61D6
:107CA00025612046BDE8F0812C8F00083D8F00083B
:107CB000B0F5803F034636BF030400201020B3F127
:107CC000807F3CBF1B020830B3F1805F3CBF1B01CB
:107CD0000430B3F1804F3CBF9B000230002B05DB2A
:107CE00013F0804F00F1010008BF202070470368A7
:107CF000024613F007000BD0D90721D4980749BFDB
:107D00005B089B08012013605CBF13600220704772
:107D100099B209B91B0C1020D9B209B908301B0A55
:107D2000190704BF1B090430990704BF9B080230E0
:107D3000D90703D45B0800F1010003D0136070473A
:107D4000002070472020704710B50C460121FFF736
:107D500007FF024628B9054B054840F2451100F0DF
:107D6000B5FC01234461036110BD00BF2C8F0008E6
:107D70003D8F00082DE9F04F17460A693B699A428A
:107D8000A8BF3B468946A4BF0F4699463D69D9F82E
:107D900010A0BB68796805EB0A06B34285B0B8BF8E
:107DA0000131FFF7DDFE30B90246414B41484FF447
:107DB000B17100F08BFC00F1140404EB860E234635
:107DC0000022734520D307F1140809F1140108EBD0
:107DD000850501EB8A030293EB1B153B23F003039C
:107DE00004331537BD4238BF04230193029B03912E
:107DF0008B420CD8002E03DD5EF8043D002B55D0DD
:107E0000066105B0BDE8F08F43F8042BD9E7B1F85F
:107E100000A0BAF1000F1FD0C446A14600275CF8AD
:107E2000042BD9F800301FFA82FB9BB20AFB0B33FC
:107E30003B44D9F80070120C3F0C0AFB027202EBB3
:107E400013429BB243EA0243654549F8043B4FEABB
:107E50001247E4D8019BE750039BB3F8029004312A
:107E6000B9F1000F20D023684746A4464FF0000A1E
:107E7000B7F800B0BCF8022009FB0B2252449BB2B9
:107E800043EA02434CF8043B57F8043B4FEA134AD9
:107E9000BCF8003009FB0A3303EB1243BD424FEA42
:107EA000134AE5D8019AA35004349FE7013EA1E7A5
:107EB0002C8F00083D8F00082DE9F843154612F07D
:107EC000030207460E4607D0254C013A002354F81A
:107ED0002220FFF7A7FE0646AD103DD0FC697CB915
:107EE0001020FFF787FD0246F86128B91D4B1E4898
:107EF00040F2B31100F0EAFBC0E901440460C46041
:107F0000D7F81C80D8F808404CB940F271213846A7
:107F1000FFF71AFF0023C8F80800044603604FF07B
:107F20000009EB070AD5314622463846FFF722FF03
:107F3000314680463846FFF753FE46466D100BD05B
:107F4000206838B9224621463846FFF713FF2060E3
:107F5000C0F800900446E4E73046BDE8F88300BF6F
:107F6000F08F0008BD8E00083D8F00082DE9F04716
:107F70000C464968236903EB6218A36807469146DB
:107F80004FEA621A08F10106B3420BDB3846FFF7ED
:107F9000E7FD054648B90246284B29484FF4EF71E2
:107FA00000F094FB01315B00EEE7002300F11401C7
:107FB00000F110021846534533DB20692AEAEA7AB9
:107FC00004F1140319F01F0901EB8A0103EB800C83
:107FD0002BD0C9F1200E8A460022186800FA09F059
:107FE00010434AF8040B53F8042B9C4522FA0EF276
:107FF000F3D8ACEB0403153B23F00303043304F183
:108000001500604588BF0423CA500AB108F1020672
:10801000013E38462E612146FFF7E2FD2846BDE8C5
:10802000F08742F8040F0133C5E7043953F8042BF5
:1080300041F8042F9C45F9D8EAE700BF2C8F0008CF
:108040003D8F00080A6903460069801A30B50ED1D9
:108050001433143103EB820401EB820154F8045D04
:1080600051F8042D954203D005D24FF0FF3030BDBA
:10807000A342F3D3FBE70120F9E700002DE9F74F16
:1080800089460646114648461446FFF7DBFF051EA3
:1080900012D129463046FFF763FD024628B93F4B0F
:1080A00040F237213E4800F011FB0123C0E90435BE
:1080B000104603B0BDE8F08FBCBF4B46A14630462A
:1080C000D9F80410BABF1C4601250025FFF748FD6A
:1080D000024618B9314B40F24521E3E7D9F8107058
:1080E0002669C56009F1100309F1140504F1140EA5
:1080F00000F1140B05EB87080EEB86060193D946B9
:108100004FF0000C019B5EF8040B53F804AF019391
:108110001FFA8AF3194683B2CB1A000C6344C0EBF2
:108120001A4000EB23409BB243EA0043764549F8EE
:10813000043B4FEA204CE5D8331B153B23F00303E7
:1081400015340433A64238BF04231D445B441E4645
:108150002C4644450ED308F10301491B21F00301CD
:10816000033DA84538BF00210B4453F8041D91B1CD
:1081700017619DE754F8041BE646080C1CFA81FCC5
:10818000714400EB2C4089B241EA004146F8041BDF
:108190004FEA204CDDE7013FE7E700BF2C8F0008E6
:1081A0003D8F00082DE9F7430F46012159EC108B54
:1081B0001646FFF7D5FC044630B90246234B244847
:1081C00040F20F3100F082FAC9F30A55C9F31303E4
:1081D0000DB143F480130193B8F1000323D0684636
:1081E0000093FFF784FDDDE90012D0B1C0F1200358
:1081F00002FA03F30B43C24063610192019BA36146
:10820000002B0CBF012202222261A5B1A5F2334549
:1082100005443D60C0F135003060204603B0BDE844
:10822000F0836161EAE701A8FFF761FD019B6361EB
:1082300020300122E8E704EB8203A0F232403860EC
:108240001869FFF735FDC0EB4210E5E72C8F0008F9
:108250003D8F00082DE9F0478E681F46BE420B682F
:1082600082460C4690462DD8B1F90C2012F4906F3E
:1082700026D06569096905EB4505A3EB010905EB06
:10828000D5757B1C4B446D109D4238BF1D46530570
:1082900027D52946FFF7D8FB064660B321694A4631
:1082A00000F006FAA38923F4906343F08003A381CE
:1082B000266165614E44A5EB09052660A5603E4632
:1082C000BE4200D93E4620683246414600F0C6F91B
:1082D000A3689B1BA3602368334423600020BDE890
:1082E000F0872A4600F036FA06460028E0D12169D8
:1082F0005046FFF735FB0C23CAF80030A38943F042
:108300004003A3814FF0FF30E9E700002DE9F04F73
:1083100098468B891B069DB007460D46144610D51E
:108320000B6973B94021FFF78FFB2860286130B9D2
:108330000C233B604FF0FF301DB0BDE8F08F4023B1
:108340006B610023099320238DF82930CDF80C8030
:108350003023DFF89C818DF82A304FF00109234645
:108360009A4613F8012B0AB1252AF9D1BAEB040B6E
:108370000BD05B46224629463846FFF76BFF01309B
:1083800000F0A780099A5A4409929AF80030002B0D
:1083900000F09F8000234FF0FF32CDE905230AF162
:1083A000010A049307938DF853301A93544605221B
:1083B00014F8011B4E48F7F70BFF049AD8B9D00602
:1083C00044BF20238DF85330110744BF2B238DF871
:1083D00053309AF800302A2B15D0079A54460020C3
:1083E0004FF00A0C214611F8013B303B092B4BD9C9
:1083F000B0B1079214E0A0EB080309FA03F31343AA
:108400000493A246D2E7039B191D1B680391002B1E
:10841000BBBF5B4242F0020207930793B8BF0492CE
:1084200023782E2B0AD163782A2B32D1039B1A1D75
:108430001B68039243EAE37302340593DFF8C0A09C
:10844000217803225046F7F7C3FE38B1049BA0EB16
:108450000A004022824013430134049314F8011BA4
:1084600024488DF828100622F7F7B2FE002836D0EF
:10847000214B1BBB039B073323F0070308330393F4
:10848000099B334409936AE70CFB02320C46012036
:10849000A8E700230134059319464FF00A0C204643
:1084A00010F8012B303A092A03D9002BC6D00591C8
:1084B000C4E70CFB012104460123F0E703AB009362
:1084C0002A460E4B04A93846FDF76CFE421C0646B0
:1084D000D6D1AB895B063FF52DAF09982CE703ABEE
:1084E00000932A46054B04A93846FEF7F3F8EDE75A
:1084F000968F0008A08F0008A5610008558200082B
:108500009C8F0008B1F90C202DE9F04116070546B3
:108510000C4654D44B68002B02DC0B6C002B48DD5E
:10852000E66A002E45D0002312F480522F68216A9B
:108530002B6030D0626DA389590705D56368D21AC4
:10854000636B0BB1236CD21A0023E66A216A2846BA
:10855000B047431CA38906D129681D292BD82A4A74
:10856000CA40D60727D500226260D904226922605A
:1085700004D5421C01D12B6803B96065616B2F6083
:10858000B9B104F14403994202D02846FFF7E8F953
:10859000002363630DE001232846B0470246501CC8
:1085A000C9D12B68002BC6D01D2B01D0162B1ED194
:1085B0002F60002022E043F040031BB21BE00F6954
:1085C000002FF6D093070E6808BF4B690F6018BFE5
:1085D0000023A6EB07088B60B8F1000FE9DD216AE4
:1085E000A66A43463A462846B047002808DCB4F954
:1085F0000C3043F04003A3814FF0FF30BDE8F08121
:108600000744A8EB0008E7E70100402038B50B69F4
:1086100005460C4613B90025284638BD18B1036A33
:108620000BB9FEF701FAB4F90C30002BF3D0626EEF
:10863000D00704D4990502D4A06DFEF734FB284678
:108640002146FFF75FFF636EDA070546E4D4A3898E
:108650009B05E1D4A06DFEF727FBDDE7884210B54E
:1086600001EB020402D98442234607D8431EA142EB
:1086700008D011F8012B03F8012FF8E70244014656
:108680008A4200D110BD13F8014D02F8014DF7E701
:1086900038B5064D0023044608462B60F9F7D6FE90
:1086A000431C02D12B6803B1236038BDE8050020CC
:1086B0000A44914200F1FF3300D1704710B511F820
:1086C000014B03F8014F9142F9D110BD1FB514467B
:1086D0001A46094B1B680546D8684CB1074B0091F8
:1086E000CDE9013406492B4600F070F800F080F81F
:1086F000044B1C46F3E700BF8C000020B18F00083C
:10870000BE8F0008EC8F000870B5A1FB025434B98D
:108710002946FFF799F9064628B9304670BD0C2264
:1087200002600026F9E72A462146FEF72CFAF4E714
:1087300082B001B901A942B14BB113780B60127834
:10874000101E18BF012002B070471046FBE76FF003
:108750000100F8E72DE9F041074614460D4621B91E
:10876000BDE8F0411146FFF76FB92AB9FFF7F8F8F5
:1087700025462846BDE8F08100F041F884420646CF
:1087800002D8B4EB500FF4D821463846FFF75CF915
:10879000804608B94546ECE7B4422246294628BF40
:1087A0003246FFF785FF29463846FFF7D9F8F1E74B
:1087B0000346084641B1FF2A04D98A221A604FF0C5
:1087C000FF3070470A700120704700000EB403B5F7
:1087D000014603AB054853F8042B0068019300F0F1
:1087E0003FF802B05DF804EB03B070478C00002046
:1087F00008B5062000F008FA0120F9F7AFFD51F89E
:10880000043C181F002BBCBF0B58C018704793685E
:10881000013B002B10B4936008DA9469A34201DB9A
:108820000A2903D15DF8044B00F032B91368581CD3
:108830001060197008465DF8044B7047F8B506469D
:108840000F461446D518AC4201D1002007E014F8B9
:10885000011B3A463046FFF7DAFF431CF3D1F8BD5F
:108860002DE9F04F0D469DB014469846064618B1C6
:10887000036A0BB9FEF7D8F86B6ED90705D4AB893C
:108880009A0502D4A86DFEF70EFAAB891B0701D535
:108890002B699BB92946304600F038F970B16B6EF0
:1088A000DC0704D54FF0FF301DB0BDE8F08FAB8979
:1088B0009805F7D4A86DFEF7F7F9F3E700230993BD
:1088C00020238DF82930CDF80C803023DFF8AC81DF
:1088D0008DF82A304FF0010923469A4613F8012BF0
:1088E0000AB1252AF9D1BAEB040B0BD05B4622461C
:1088F00029463046FFF7A2FF013000F0A780099A11
:108900005A4409929AF80030002B00F09F8000230F
:108910004FF0FF32CDE905230AF1010A04930793D2
:108920008DF853301A935446052214F8011B53480E
:10893000F7F74EFC049AD8B9D10644BF20238DF82E
:108940005330130744BF2B238DF853309AF800306F
:108950002A2B15D0079A544600204FF00A0C2146C6
:1089600011F8013B303B092B4BD9B0B1079214E011
:10897000A0EB080309FA03F313430493A246D2E7DA
:10898000039B191D1B680391002BBBBF5B4242F088
:10899000020207930793B8BF049223782E2B0AD1C3
:1089A00063782A2B32D1039B1A1D1B68039243EA7A
:1089B000E37302340593DFF8D4A0217803225046F4
:1089C000F7F706FC38B1049BA0EB0A004022824076
:1089D00013430134049314F8011B29488DF828101F
:1089E0000622F7F7F5FB00283FD0264B1BBB039B65
:1089F000073323F0070308330393099B3B44099390
:108A00006AE70CFB02320C460120A8E70023013480
:108A1000059319464FF00A0C204610F8012B303A06
:108A2000092A03D9002BC6D00591C4E70CFB01210C
:108A300004460123F0E703AB00932A46124B04A936
:108A40003046FDF7AFFB0746781CD6D16B6ED907D1
:108A500005D4AB899A0502D4A86DFEF725F9AB8938
:108A60005B063FF51FAF09981EE703AB00932A464C
:108A7000054B04A93046FDF72DFEE4E7968F00086C
:108A8000A08F0008A56100083D8800089C8F0008A1
:108A9000F8B50E461446054618B1036A0BB9FDF742
:108AA000C3FFA369A360A3891A0701D5236943B94A
:108AB0002146284600F02AF818B14FF0FF37384613
:108AC000F8BD23682269981A6369F6B28342374673
:108AD00005DC21462846FFF799FD0028EDD1A36863
:108AE000013BA36023685A1C22601E706269431C0C
:108AF0009A4204D0A389DB07E1D50A2EDFD12146B3
:108B00002846FFF783FD0028D9D0D6E738B5294B92
:108B1000054618680C4618B1036A0BB9FDF784FFC7
:108B2000B4F90C30190722D4DA0607D409222A60D6
:108B300043F04003A3814FF0FF3033E0580712D5D4
:108B4000616B41B104F14403994202D02846FEF71B
:108B500007FF00236363A38923F02403A381002379
:108B6000636023692360A38943F00803A381236919
:108B70004BB9A38903F42073B3F5007F03D02146DA
:108B8000284600F083F8B4F90C3013F001020AD043
:108B90000022A26062695242A261226942B913F0C6
:108BA0008000C5D138BD990758BF6269A260F4E75B
:108BB0000020F7E78C0000201F2938B505460C4639
:108BC00004D9162303604FF0FF3038BDC26B12B1D9
:108BD00052F821304BB9284600F030F822460146C1
:108BE0002846BDE8384000F017B8012B0AD0591CC0
:108BF00003D1162303600120E7E7002142F8241087
:108C0000204698470020E0E7024B01461868FFF72E
:108C1000D3BF00BF8C00002038B5074D00230446A9
:108C2000084611462B60F9F789FB431C02D12B68DB
:108C300003B1236038BD00BFE8050020F9F776BB1B
:108C400070B50C46B1F90E10002996B015461E46B7
:108C50000DDAA38913F0800F4FF0000114BF4023F9
:108C60004FF48063002031602B6016B070BD6A46FF
:108C700000F048F80028ECDB019901F47041A1F5FF
:108C80000053594259414FF48063EBE78B89F7B5A4
:108C90009D0706460C4607D504F147032360236170
:108CA0000123636103B0F0BD01AB6A46FFF7C8FF63
:108CB000009F054639463046FEF7C6FE48B9B4F96E
:108CC0000C309A05EED423F0030343F00203A38192
:108CD000E2E7A389206043F08003A381019BC4E9FC
:108CE00004075BB1B4F90E10304600F01DF828B14E
:108CF000A38923F0030343F00103A381A3891D4348
:108D0000A581CFE738B5074D002304460846114634
:108D10002B60F9F773FB431C02D12B6803B123606E
:108D200038BD00BFE805002038B5064D00230446D5
:108D300008462B60F9F772FB431C02D12B6803B184
:108D4000236038BDE8050020F8B500BFF8BC08BCBA
:108D50009E467047F8B500BFF8BC08BC9E467047F9
:108D6000000000004000000014000000540000005B
:108D7000313A25730A323A2573000000535953548F
:108D8000454D00004F4E00004F4646004D6F646554
:108D9000206A6F7572206163746976650000000057
:108DA0004C756D6965726520666F727465000000B0
:108DB0004D6F6465206E75697420616374697665B2
:108DC000000000004C756D6965726520666169621E
:108DD0006C650000536F6C20736563202D000000EC
:108DE000506F6D70652061637469766500000000E6
:108DF00053656300536F6C2068756D69646500008E
:108E0000506173206427616374696F6E0000000015
:108E1000466C616D6D65206465746563746565009D
:108E200041727265742073797374656D650000001A
:108E3000466C616D6D650000486175746520546510
:108E40006D700000417070757965722073757200E5
:108E50006C6520627574746F6E0000000000000085
:108E600000000000010203040607080900000000DA
:108E7000010203040006101600061016494E4600B3
:108E8000696E66004E414E006E616E0030003031FA
:108E90003233343536373839414243444546003061
:108EA0003132333435363738396162636465660090
:108EB000496E66696E697479004E614E005245458F
:108EC0004E54206D616C6C6F6320737563636565D0
:108ED000646564002F6275696C642F676E752D740C
:108EE0006F6F6C732D666F722D73746D33325F31DB
:108EF000332E332E72656C312E32303234303932AB
:108F0000362D313731352F7372632F6E65776C696B
:108F1000622F6E65776C69622F6C6962632F737460
:108F2000646C69622F64746F612E630042616C6CC3
:108F30006F6320737563636565646564002F627594
:108F4000696C642F676E752D746F6F6C732D666F0F
:108F5000722D73746D33325F31332E332E72656C24
:108F6000312E32303234303932362D313731352FDF
:108F70007372632F6E65776C69622F6E65776C69AB
:108F8000622F6C6962632F7374646C69622F6D70F9
:108F90007265632E6300232D302B2000686C4C001B
:108FA000656667454647004300504F534958002EB9
:108FB000002C2066756E6374696F6E3A20006173D1
:108FC00073657274696F6E20222573222066616951
:108FD0006C65643A2066696C6520222573222C201A
:108FE0006C696E65202564257325730A00000000F6
:108FF00005000000190000007D00000000000000D6
:109000000080E03779C34143176E05B5B5B8934684
:10901000F5F93FE9034F384D321D30F94877825A50
:109020003CBF737FDD4F1575000000000000F03F6E
:109030000000000000002440000000000000594033
:109040000000000000408F40000000000088C34086
:1090500000000000006AF8400000000080842E41FB
:1090600000000000D01263410000000084D7974147
:109070000000000065CDCD41000000205FA002424D
:10908000000000E876483742000000A2941A6D42C2
:10909000000040E59C30A2420000901EC4BCD642B5
:1090A00000003426F56B0C430080E03779C3414360
:1090B00000A0D8855734764300C84E676DC1AB43D6
:1090C000003D9160E458E143408CB5781DAF1544F4
:1090D00050EFE2D6E41A4B4492D54D06CFF08044CF
:1090E000F64AE1C7022DB544B49DD9794378EA44E4
:1090F0000020202020202020202028282828282068
:10910000202020202020202020202020202020205F
:1091100020881010101010101010101010101010C7
:1091200010040404040404040404041010101010B7
:109130001010414141414141010101010101010181
:1091400001010101010101010101010110101010D3
:109150001010424242424242020202020202020253
:1091600002020202020202020202020210101010A7
:1091700020000000000000000000000000000000CF
:1091800000000000000000000000000000000000DF
:1091900000000000000000000000000000000000CF
:1091A00000000000000000000000000000000000BF
:1091B00000000000000000000000000000000000AF
:1091C000000000000000000000000000000000009F
:1091D000000000000000000000000000000000008F
:1091E000000000000000000000000000000000007F
:0491F000000000007B
:0891F400DC6FFF7F01000000A9
:0491FC00B5010008B1
:0492000091010008D0
:1092040000191B060C1B1300181806090809060090
:10921400417563756E6500000000000000000000E9
:1092240000000000417563756E65000000000000D9
:109234000000000000000000417563756E650000C9
:10924400000000000000000000000000417563758C
:109254006E65000000000000000000000000000037
:10926400417563756E650000000000000000000099
:10927400000000000024F4001000000001000000C1
:109284000000000003000000AC0400209000002057
:1092940000000000AC040020140500207C05002020
:1092A40000000000000000000000000000000000BA
:1092B40000000000000000000000000000000000AA
:1092C400000000000000000000000000000000009A
:1092D4000000000000000000000000004300000047
:1092E400000000000000000000000000000000007A
:1092F4000000000000000000000000004300000027
:109304000000000000000000000000000000000059
:109314000000000000000000000000004300000006
:109324000000000000000000000000000000000039
:1093340000000000000000000000000043000000E6
:109344000000000000000000000000000000000019
:1093540000000000000000000000000043000000C6
:1093640000000000000000000000000000000000F9
:1093740000000000000000000000000043000000A6
:1093840000000000000000000000000000000000D9
:109394000000000000000000000000004300000086
:1093A40000000000000000000000000000000000B9
:1093B400000000000000000000000000B187000869
:1093C4003187000800000000F0900008AF8F00080B
:1093D400EC8F0008EC8F0008EC8F0008EC8F00087D
:1093E400EC8F0008EC8F0008EC8F0008EC8F00086D
:1093F400EC8F0008FFFFFFFFFFFFFFFFFFFFFFFFF2
:10940400FFFF0000010041534349490000000000F0
:109414000000000000000000000000000000000048
:1094240000000000000041534349490000000000CF
:109434000000000000000000000000000000000028
:08944400000000000000000020
:04000005080024DDEE
:00000001FF
